name	size
WGD2ANC00001	6
WGD2ANC00002	13
WGD2ANC00003	7
WGD2ANC00004	10
WGD2ANC00005	7
WGD2ANC00006	4
WGD2ANC00007	6
WGD2ANC00008	7
WGD2ANC00009	2
WGD2ANC00010	4
WGD2ANC00011	2
WGD2ANC00012	6
WGD2ANC00013	5
WGD2ANC00014	4
WGD2ANC00015	6
WGD2ANC00016	7
WGD2ANC00017	7
WGD2ANC00018	7
WGD2ANC00019	4
WGD2ANC00020	6
WGD2ANC00021	7
WGD2ANC00022	6
WGD2ANC00023	4
WGD2ANC00024	7
WGD2ANC00025	4
WGD2ANC00026	5
WGD2ANC00027	7
WGD2ANC00028	7
WGD2ANC00029	4
WGD2ANC00030	4
WGD2ANC00031	10
WGD2ANC00032	6
WGD2ANC00033	3
WGD2ANC00034	6
WGD2ANC00035	6
WGD2ANC00036	11
WGD2ANC00037	12
WGD2ANC00038	11
WGD2ANC00039	6
WGD2ANC00040	7
WGD2ANC00041	6
WGD2ANC00042	5
WGD2ANC00043	7
WGD2ANC00044	6
WGD2ANC00045	4
WGD2ANC00046	4
WGD2ANC00047	7
WGD2ANC00048	7
WGD2ANC00049	4
WGD2ANC00050	4
WGD2ANC00051	4
WGD2ANC00052	5
WGD2ANC00053	5
WGD2ANC00054	4
WGD2ANC00055	7
WGD2ANC00056	4
WGD2ANC00057	4
WGD2ANC00058	4
WGD2ANC00059	7
WGD2ANC00060	4
WGD2ANC00061	4
WGD2ANC00062	4
WGD2ANC00063	6
WGD2ANC00064	5
WGD2ANC00065	3
WGD2ANC00066	7
WGD2ANC00067	3
WGD2ANC00068	5
WGD2ANC00069	7
WGD2ANC00070	7
WGD2ANC00071	7
WGD2ANC00072	7
WGD2ANC00073	2
WGD2ANC00074	7
WGD2ANC00075	6
WGD2ANC00076	7
WGD2ANC00077	6
WGD2ANC00078	6
WGD2ANC00079	6
WGD2ANC00080	6
WGD2ANC00081	7
WGD2ANC00082	6
WGD2ANC00083	4
WGD2ANC00084	7
WGD2ANC00085	7
WGD2ANC00086	4
WGD2ANC00087	5
WGD2ANC00088	6
WGD2ANC00089	7
WGD2ANC00090	6
WGD2ANC00091	7
WGD2ANC00092	7
WGD2ANC00093	6
WGD2ANC00094	4
WGD2ANC00095	7
WGD2ANC00096	4
WGD2ANC00097	5
WGD2ANC00098	4
WGD2ANC00099	4
WGD2ANC00100	3
WGD2ANC00101	4
WGD2ANC00102	5
WGD2ANC00103	7
WGD2ANC00104	7
WGD2ANC00105	2
WGD2ANC00106	7
WGD2ANC00107	7
WGD2ANC00108	4
WGD2ANC00109	7
WGD2ANC00110	6
WGD2ANC00111	6
WGD2ANC00112	3
WGD2ANC00113	7
WGD2ANC00114	7
WGD2ANC00115	6
WGD2ANC00116	7
WGD2ANC00117	7
WGD2ANC00118	7
WGD2ANC00119	7
WGD2ANC00120	5
WGD2ANC00121	6
WGD2ANC00122	7
WGD2ANC00123	6
WGD2ANC00124	7
WGD2ANC00125	5
WGD2ANC00126	7
WGD2ANC00127	4
WGD2ANC00128	7
WGD2ANC00129	4
WGD2ANC00130	9
WGD2ANC00131	7
WGD2ANC00132	6
WGD2ANC00133	7
WGD2ANC00134	5
WGD2ANC00135	4
WGD2ANC00136	4
WGD2ANC00137	9
WGD2ANC00138	4
WGD2ANC00139	13
WGD2ANC00140	4
WGD2ANC00141	5
WGD2ANC00142	7
WGD2ANC00143	10
WGD2ANC00144	7
WGD2ANC00145	7
WGD2ANC00146	7
WGD2ANC00147	10
WGD2ANC00148	5
WGD2ANC00149	7
WGD2ANC00150	6
WGD2ANC00151	4
WGD2ANC00152	6
WGD2ANC00153	7
WGD2ANC00154	6
WGD2ANC00155	7
WGD2ANC00156	7
WGD2ANC00157	4
WGD2ANC00158	7
WGD2ANC00159	7
WGD2ANC00160	4
WGD2ANC00161	6
WGD2ANC00162	10
WGD2ANC00163	11
WGD2ANC00164	11
WGD2ANC00165	6
WGD2ANC00166	3
WGD2ANC00167	11
WGD2ANC00168	6
WGD2ANC00169	10
WGD2ANC00170	6
WGD2ANC00171	3
WGD2ANC00172	10
WGD2ANC00173	6
WGD2ANC00174	9
WGD2ANC00175	4
WGD2ANC00176	4
WGD2ANC00177	5
WGD2ANC00178	13
WGD2ANC00179	10
WGD2ANC00180	7
WGD2ANC00181	7
WGD2ANC00182	9
WGD2ANC00183	10
WGD2ANC00184	13
WGD2ANC00185	10
WGD2ANC00186	4
WGD2ANC00187	10
WGD2ANC00188	5
WGD2ANC00189	9
WGD2ANC00190	13
WGD2ANC00191	8
WGD2ANC00192	4
WGD2ANC00193	7
WGD2ANC00194	6
WGD2ANC00195	4
WGD2ANC00196	8
WGD2ANC00197	7
WGD2ANC00198	7
WGD2ANC00199	6
WGD2ANC00200	10
WGD2ANC00201	6
WGD2ANC00202	6
WGD2ANC00203	6
WGD2ANC00204	7
WGD2ANC00205	4
WGD2ANC00206	5
WGD2ANC00207	4
WGD2ANC00208	7
WGD2ANC00209	4
WGD2ANC00210	7
WGD2ANC00211	7
WGD2ANC00212	6
WGD2ANC00213	4
WGD2ANC00214	4
WGD2ANC00215	5
WGD2ANC00216	4
WGD2ANC00217	11
WGD2ANC00218	7
WGD2ANC00219	4
WGD2ANC00220	5
WGD2ANC00221	4
WGD2ANC00222	6
WGD2ANC00223	7
WGD2ANC00224	4
WGD2ANC00225	4
WGD2ANC00226	9
WGD2ANC00227	4
WGD2ANC00228	4
WGD2ANC00229	4
WGD2ANC00230	7
WGD2ANC00231	4
WGD2ANC00232	13
WGD2ANC00233	7
WGD2ANC00234	2
WGD2ANC00235	7
WGD2ANC00236	6
WGD2ANC00237	6
WGD2ANC00238	5
WGD2ANC00239	4
WGD2ANC00240	2
WGD2ANC00241	7
WGD2ANC00242	5
WGD2ANC00243	4
WGD2ANC00244	6
WGD2ANC00245	2
WGD2ANC00246	6
WGD2ANC00247	4
WGD2ANC00248	10
WGD2ANC00249	6
WGD2ANC00250	7
WGD2ANC00251	7
WGD2ANC00252	7
WGD2ANC00253	7
WGD2ANC00254	4
WGD2ANC00255	6
WGD2ANC00256	6
WGD2ANC00257	7
WGD2ANC00258	5
WGD2ANC00259	7
WGD2ANC00260	5
WGD2ANC00261	6
WGD2ANC00262	4
WGD2ANC00263	5
WGD2ANC00264	4
WGD2ANC00265	7
WGD2ANC00266	4
WGD2ANC00267	7
WGD2ANC00268	4
WGD2ANC00269	4
WGD2ANC00270	5
WGD2ANC00271	7
WGD2ANC00272	5
WGD2ANC00273	5
WGD2ANC00274	6
WGD2ANC00275	6
WGD2ANC00276	4
WGD2ANC00277	6
WGD2ANC00278	7
WGD2ANC00279	7
WGD2ANC00280	7
WGD2ANC00281	7
WGD2ANC00282	7
WGD2ANC00283	7
WGD2ANC00284	7
WGD2ANC00285	5
WGD2ANC00286	7
WGD2ANC00287	10
WGD2ANC00288	6
WGD2ANC00289	8
WGD2ANC00290	7
WGD2ANC00291	7
WGD2ANC00292	7
WGD2ANC00293	7
WGD2ANC00294	12
WGD2ANC00295	9
WGD2ANC00296	12
WGD2ANC00297	7
WGD2ANC00298	6
WGD2ANC00299	7
WGD2ANC00300	6
WGD2ANC00301	4
WGD2ANC00302	6
WGD2ANC00303	7
WGD2ANC00304	12
WGD2ANC00305	5
WGD2ANC00306	7
WGD2ANC00307	7
WGD2ANC00308	11
WGD2ANC00309	5
WGD2ANC00310	4
WGD2ANC00311	10
WGD2ANC00312	6
WGD2ANC00313	6
WGD2ANC00314	7
WGD2ANC00315	4
WGD2ANC00316	7
WGD2ANC00317	4
WGD2ANC00318	4
WGD2ANC00319	4
WGD2ANC00320	6
WGD2ANC00321	7
WGD2ANC00322	4
WGD2ANC00323	6
WGD2ANC00324	6
WGD2ANC00325	7
WGD2ANC00326	5
WGD2ANC00327	4
WGD2ANC00328	4
WGD2ANC00329	4
WGD2ANC00330	8
WGD2ANC00331	7
WGD2ANC00332	6
WGD2ANC00333	5
WGD2ANC00334	7
WGD2ANC00335	6
WGD2ANC00336	3
WGD2ANC00337	7
WGD2ANC00338	6
WGD2ANC00339	6
WGD2ANC00340	4
WGD2ANC00341	6
WGD2ANC00342	6
WGD2ANC00343	6
WGD2ANC00344	4
WGD2ANC00345	4
WGD2ANC00346	9
WGD2ANC00347	7
WGD2ANC00348	5
WGD2ANC00349	7
WGD2ANC00350	13
WGD2ANC00351	7
WGD2ANC00352	2
WGD2ANC00353	6
WGD2ANC00354	6
WGD2ANC00355	7
WGD2ANC00356	7
WGD2ANC00357	6
WGD2ANC00358	7
WGD2ANC00359	5
WGD2ANC00360	4
WGD2ANC00361	5
WGD2ANC00362	4
WGD2ANC00363	4
WGD2ANC00364	7
WGD2ANC00365	7
WGD2ANC00366	4
WGD2ANC00367	4
WGD2ANC00368	7
WGD2ANC00369	6
WGD2ANC00370	6
WGD2ANC00371	7
WGD2ANC00372	7
WGD2ANC00373	13
WGD2ANC00374	4
WGD2ANC00375	10
WGD2ANC00376	4
WGD2ANC00377	5
WGD2ANC00378	4
WGD2ANC00379	6
WGD2ANC00380	7
WGD2ANC00381	4
WGD2ANC00382	4
WGD2ANC00383	7
WGD2ANC00384	4
WGD2ANC00385	4
WGD2ANC00386	4
WGD2ANC00387	13
WGD2ANC00388	13
WGD2ANC00389	4
WGD2ANC00390	7
WGD2ANC00391	7
WGD2ANC00392	5
WGD2ANC00393	7
WGD2ANC00394	8
WGD2ANC00395	5
WGD2ANC00396	6
WGD2ANC00397	3
WGD2ANC00398	3
WGD2ANC00399	4
WGD2ANC00400	4
WGD2ANC00401	4
WGD2ANC00402	7
WGD2ANC00403	5
WGD2ANC00404	11
WGD2ANC00405	7
WGD2ANC00406	7
WGD2ANC00407	4
WGD2ANC00408	4
WGD2ANC00409	4
WGD2ANC00410	4
WGD2ANC00411	5
WGD2ANC00412	13
WGD2ANC00413	7
WGD2ANC00414	6
WGD2ANC00415	6
WGD2ANC00416	6
WGD2ANC00417	6
WGD2ANC00418	9
WGD2ANC00419	4
WGD2ANC00420	6
WGD2ANC00421	4
WGD2ANC00422	7
WGD2ANC00423	7
WGD2ANC00424	7
WGD2ANC00425	6
WGD2ANC00426	10
WGD2ANC00427	4
WGD2ANC00428	5
WGD2ANC00429	4
WGD2ANC00430	5
WGD2ANC00431	5
WGD2ANC00432	5
WGD2ANC00433	9
WGD2ANC00434	4
WGD2ANC00435	7
WGD2ANC00436	7
WGD2ANC00437	3
WGD2ANC00438	5
WGD2ANC00439	4
WGD2ANC00440	7
WGD2ANC00441	8
WGD2ANC00442	5
WGD2ANC00443	8
WGD2ANC00444	5
WGD2ANC00445	9
WGD2ANC00446	9
WGD2ANC00447	7
WGD2ANC00448	5
WGD2ANC00449	4
WGD2ANC00450	6
WGD2ANC00451	9
WGD2ANC00452	4
WGD2ANC00453	4
WGD2ANC00454	12
WGD2ANC00455	7
WGD2ANC00456	9
WGD2ANC00457	4
WGD2ANC00458	4
WGD2ANC00459	6
WGD2ANC00460	10
WGD2ANC00461	8
WGD2ANC00462	7
WGD2ANC00463	12
WGD2ANC00464	4
WGD2ANC00465	2
WGD2ANC00466	10
WGD2ANC00467	10
WGD2ANC00468	6
WGD2ANC00469	10
WGD2ANC00470	10
WGD2ANC00471	13
WGD2ANC00472	7
WGD2ANC00473	13
WGD2ANC00474	7
WGD2ANC00475	7
WGD2ANC00476	8
WGD2ANC00477	4
WGD2ANC00478	4
WGD2ANC00479	4
WGD2ANC00480	9
WGD2ANC00481	11
WGD2ANC00482	6
WGD2ANC00483	6
WGD2ANC00484	6
WGD2ANC00485	10
WGD2ANC00486	7
WGD2ANC00487	9
WGD2ANC00488	10
WGD2ANC00489	4
WGD2ANC00490	4
WGD2ANC00491	7
WGD2ANC00492	13
WGD2ANC00493	7
WGD2ANC00494	3
WGD2ANC00495	10
WGD2ANC00496	9
WGD2ANC00497	4
WGD2ANC00498	4
WGD2ANC00499	3
WGD2ANC00500	12
WGD2ANC00501	7
WGD2ANC00502	6
WGD2ANC00503	12
WGD2ANC00504	7
WGD2ANC00505	11
WGD2ANC00506	7
WGD2ANC00507	5
WGD2ANC00508	6
WGD2ANC00509	7
WGD2ANC00510	7
WGD2ANC00511	5
WGD2ANC00512	4
WGD2ANC00513	4
WGD2ANC00514	3
WGD2ANC00515	7
WGD2ANC00516	7
WGD2ANC00517	5
WGD2ANC00518	4
WGD2ANC00519	6
WGD2ANC00520	3
WGD2ANC00521	3
WGD2ANC00522	7
WGD2ANC00523	7
WGD2ANC00524	7
WGD2ANC00525	4
WGD2ANC00526	9
WGD2ANC00527	7
WGD2ANC00528	11
WGD2ANC00529	6
WGD2ANC00530	12
WGD2ANC00531	7
WGD2ANC00532	4
WGD2ANC00533	10
WGD2ANC00534	7
WGD2ANC00535	13
WGD2ANC00536	5
WGD2ANC00537	10
WGD2ANC00538	7
WGD2ANC00539	7
WGD2ANC00540	10
WGD2ANC00541	10
WGD2ANC00542	9
WGD2ANC00543	6
WGD2ANC00544	4
WGD2ANC00545	4
WGD2ANC00546	4
WGD2ANC00547	5
WGD2ANC00548	4
WGD2ANC00549	2
WGD2ANC00550	7
WGD2ANC00551	4
WGD2ANC00552	6
WGD2ANC00553	5
WGD2ANC00554	7
WGD2ANC00555	4
WGD2ANC00556	6
WGD2ANC00557	4
WGD2ANC00558	4
WGD2ANC00559	5
WGD2ANC00560	3
WGD2ANC00561	6
WGD2ANC00562	7
WGD2ANC00563	4
WGD2ANC00564	4
WGD2ANC00565	6
WGD2ANC00566	4
WGD2ANC00567	7
WGD2ANC00568	4
WGD2ANC00569	5
WGD2ANC00570	7
WGD2ANC00571	5
WGD2ANC00572	7
WGD2ANC00573	4
WGD2ANC00574	7
WGD2ANC00575	4
WGD2ANC00576	7
WGD2ANC00577	7
WGD2ANC00578	6
WGD2ANC00579	4
WGD2ANC00580	7
WGD2ANC00581	10
WGD2ANC00582	4
WGD2ANC00583	4
WGD2ANC00584	11
WGD2ANC00585	7
WGD2ANC00586	3
WGD2ANC00587	6
WGD2ANC00588	7
WGD2ANC00589	4
WGD2ANC00590	7
WGD2ANC00591	11
WGD2ANC00592	7
WGD2ANC00593	7
WGD2ANC00594	7
WGD2ANC00595	5
WGD2ANC00596	4
WGD2ANC00597	10
WGD2ANC00598	7
WGD2ANC00599	7
WGD2ANC00600	6
WGD2ANC00601	7
WGD2ANC00602	4
WGD2ANC00603	7
WGD2ANC00604	6
WGD2ANC00605	4
WGD2ANC00606	5
WGD2ANC00607	7
WGD2ANC00608	7
WGD2ANC00609	6
WGD2ANC00610	5
WGD2ANC00611	5
WGD2ANC00612	7
WGD2ANC00613	7
WGD2ANC00614	7
WGD2ANC00615	4
WGD2ANC00616	7
WGD2ANC00617	7
WGD2ANC00618	7
WGD2ANC00619	5
WGD2ANC00620	9
WGD2ANC00621	4
WGD2ANC00622	7
WGD2ANC00623	4
WGD2ANC00624	9
WGD2ANC00625	10
WGD2ANC00626	13
WGD2ANC00627	11
WGD2ANC00628	7
WGD2ANC00629	6
WGD2ANC00630	10
WGD2ANC00631	7
WGD2ANC00632	6
WGD2ANC00633	6
WGD2ANC00634	7
WGD2ANC00635	6
WGD2ANC00636	4
WGD2ANC00637	13
WGD2ANC00638	6
WGD2ANC00639	5
WGD2ANC00640	6
WGD2ANC00641	7
WGD2ANC00642	10
WGD2ANC00643	6
WGD2ANC00644	7
WGD2ANC00645	6
WGD2ANC00646	7
WGD2ANC00647	10
WGD2ANC00648	8
WGD2ANC00649	6
WGD2ANC00650	5
WGD2ANC00651	10
WGD2ANC00652	6
WGD2ANC00653	10
WGD2ANC00654	4
WGD2ANC00655	7
WGD2ANC00656	12
WGD2ANC00657	6
WGD2ANC00658	5
WGD2ANC00659	4
WGD2ANC00660	2
WGD2ANC00661	6
WGD2ANC00662	7
WGD2ANC00663	6
WGD2ANC00664	7
WGD2ANC00665	6
WGD2ANC00666	7
WGD2ANC00667	5
WGD2ANC00668	4
WGD2ANC00669	6
WGD2ANC00670	9
WGD2ANC00671	6
WGD2ANC00672	8
WGD2ANC00673	7
WGD2ANC00674	4
WGD2ANC00675	6
WGD2ANC00676	6
WGD2ANC00677	9
WGD2ANC00678	5
WGD2ANC00679	6
WGD2ANC00680	6
WGD2ANC00681	7
WGD2ANC00682	4
WGD2ANC00683	7
WGD2ANC00684	7
WGD2ANC00685	5
WGD2ANC00686	4
WGD2ANC00687	9
WGD2ANC00688	5
WGD2ANC00689	7
WGD2ANC00690	6
WGD2ANC00691	7
WGD2ANC00692	7
WGD2ANC00693	6
WGD2ANC00694	7
WGD2ANC00695	4
WGD2ANC00696	9
WGD2ANC00697	6
WGD2ANC00698	7
WGD2ANC00699	7
WGD2ANC00700	7
WGD2ANC00701	4
WGD2ANC00702	7
WGD2ANC00703	4
WGD2ANC00704	7
WGD2ANC00705	5
WGD2ANC00706	7
WGD2ANC00707	4
WGD2ANC00708	6
WGD2ANC00709	11
WGD2ANC00710	7
WGD2ANC00711	7
WGD2ANC00712	4
WGD2ANC00713	7
WGD2ANC00714	7
WGD2ANC00715	6
WGD2ANC00716	6
WGD2ANC00717	7
WGD2ANC00718	6
WGD2ANC00719	6
WGD2ANC00720	6
WGD2ANC00721	7
WGD2ANC00722	6
WGD2ANC00723	6
WGD2ANC00724	6
WGD2ANC00725	4
WGD2ANC00726	10
WGD2ANC00727	7
WGD2ANC00728	6
WGD2ANC00729	7
WGD2ANC00730	6
WGD2ANC00731	5
WGD2ANC00732	10
WGD2ANC00733	4
WGD2ANC00734	4
WGD2ANC00735	4
WGD2ANC00736	4
WGD2ANC00737	5
WGD2ANC00738	4
WGD2ANC00739	4
WGD2ANC00740	3
WGD2ANC00741	4
WGD2ANC00742	7
WGD2ANC00743	4
WGD2ANC00744	5
WGD2ANC00745	5
WGD2ANC00746	9
WGD2ANC00747	6
WGD2ANC00748	6
WGD2ANC00749	7
WGD2ANC00750	7
WGD2ANC00751	5
WGD2ANC00752	4
WGD2ANC00753	4
WGD2ANC00754	7
WGD2ANC00755	4
WGD2ANC00756	4
WGD2ANC00757	4
WGD2ANC00758	4
WGD2ANC00759	7
WGD2ANC00760	7
WGD2ANC00761	6
WGD2ANC00762	4
WGD2ANC00763	3
WGD2ANC00764	7
WGD2ANC00765	4
WGD2ANC00766	5
WGD2ANC00767	4
WGD2ANC00768	7
WGD2ANC00769	5
WGD2ANC00770	6
WGD2ANC00771	7
WGD2ANC00772	10
WGD2ANC00773	8
WGD2ANC00774	3
WGD2ANC00775	8
WGD2ANC00776	6
WGD2ANC00777	6
WGD2ANC00778	8
WGD2ANC00779	11
WGD2ANC00780	6
WGD2ANC00781	7
WGD2ANC00782	4
WGD2ANC00783	3
WGD2ANC00784	6
WGD2ANC00785	7
WGD2ANC00786	4
WGD2ANC00787	9
WGD2ANC00788	4
WGD2ANC00789	5
WGD2ANC00790	4
WGD2ANC00791	4
WGD2ANC00792	6
WGD2ANC00793	6
WGD2ANC00794	5
WGD2ANC00795	4
WGD2ANC00796	7
WGD2ANC00797	4
WGD2ANC00798	7
WGD2ANC00799	5
WGD2ANC00800	7
WGD2ANC00801	4
WGD2ANC00802	7
WGD2ANC00803	12
WGD2ANC00804	11
WGD2ANC00805	13
WGD2ANC00806	10
WGD2ANC00807	5
WGD2ANC00808	7
WGD2ANC00809	8
WGD2ANC00810	7
WGD2ANC00811	13
WGD2ANC00812	7
WGD2ANC00813	6
WGD2ANC00814	6
WGD2ANC00815	7
WGD2ANC00816	4
WGD2ANC00817	6
WGD2ANC00818	7
WGD2ANC00819	7
WGD2ANC00820	7
WGD2ANC00821	7
WGD2ANC00822	7
WGD2ANC00823	4
WGD2ANC00824	5
WGD2ANC00825	5
WGD2ANC00826	6
WGD2ANC00827	4
WGD2ANC00828	7
WGD2ANC00829	5
WGD2ANC00830	7
WGD2ANC00831	6
WGD2ANC00832	4
WGD2ANC00833	6
WGD2ANC00834	7
WGD2ANC00835	4
WGD2ANC00836	6
WGD2ANC00837	6
WGD2ANC00838	7
WGD2ANC00839	7
WGD2ANC00840	4
WGD2ANC00841	4
WGD2ANC00842	5
WGD2ANC00843	7
WGD2ANC00844	4
WGD2ANC00845	10
WGD2ANC00846	7
WGD2ANC00847	9
WGD2ANC00848	7
WGD2ANC00849	2
WGD2ANC00850	11
WGD2ANC00851	10
WGD2ANC00852	11
WGD2ANC00853	11
WGD2ANC00854	4
WGD2ANC00855	12
WGD2ANC00856	7
WGD2ANC00857	7
WGD2ANC00858	7
WGD2ANC00859	7
WGD2ANC00860	4
WGD2ANC00861	7
WGD2ANC00862	6
WGD2ANC00863	6
WGD2ANC00864	7
WGD2ANC00865	4
WGD2ANC00866	6
WGD2ANC00867	6
WGD2ANC00868	6
WGD2ANC00869	4
WGD2ANC00870	7
WGD2ANC00871	7
WGD2ANC00872	6
WGD2ANC00873	7
WGD2ANC00874	5
WGD2ANC00875	6
WGD2ANC00876	7
WGD2ANC00877	7
WGD2ANC00878	7
WGD2ANC00879	7
WGD2ANC00880	7
WGD2ANC00881	7
WGD2ANC00882	4
WGD2ANC00883	4
WGD2ANC00884	7
WGD2ANC00885	4
WGD2ANC00886	4
WGD2ANC00887	4
WGD2ANC00888	7
WGD2ANC00889	5
WGD2ANC00890	7
WGD2ANC00891	3
WGD2ANC00892	6
WGD2ANC00893	7
WGD2ANC00894	7
WGD2ANC00895	4
WGD2ANC00896	7
WGD2ANC00897	7
WGD2ANC00898	6
WGD2ANC00899	5
WGD2ANC00900	5
WGD2ANC00901	5
WGD2ANC00902	7
WGD2ANC00903	4
WGD2ANC00904	6
WGD2ANC00905	7
WGD2ANC00906	8
WGD2ANC00907	12
WGD2ANC00908	7
WGD2ANC00909	10
WGD2ANC00910	5
WGD2ANC00911	6
WGD2ANC00912	9
WGD2ANC00913	7
WGD2ANC00914	7
WGD2ANC00915	6
WGD2ANC00916	4
WGD2ANC00917	4
WGD2ANC00918	6
WGD2ANC00919	4
WGD2ANC00920	7
WGD2ANC00921	4
WGD2ANC00922	6
WGD2ANC00923	5
WGD2ANC00924	6
WGD2ANC00925	3
WGD2ANC00926	6
WGD2ANC00927	6
WGD2ANC00928	12
WGD2ANC00929	4
WGD2ANC00930	7
WGD2ANC00931	4
WGD2ANC00932	7
WGD2ANC00933	12
WGD2ANC00934	10
WGD2ANC00935	10
WGD2ANC00936	4
WGD2ANC00937	4
WGD2ANC00938	7
WGD2ANC00939	4
WGD2ANC00940	4
WGD2ANC00941	4
WGD2ANC00942	4
WGD2ANC00943	6
WGD2ANC00944	2
WGD2ANC00945	7
WGD2ANC00946	5
WGD2ANC00947	7
WGD2ANC00948	13
WGD2ANC00949	11
WGD2ANC00950	7
WGD2ANC00951	4
WGD2ANC00952	7
WGD2ANC00953	7
WGD2ANC00954	5
WGD2ANC00955	6
WGD2ANC00956	7
WGD2ANC00957	7
WGD2ANC00958	12
WGD2ANC00959	10
WGD2ANC00960	6
WGD2ANC00961	4
WGD2ANC00962	4
WGD2ANC00963	9
WGD2ANC00964	7
WGD2ANC00965	4
WGD2ANC00966	5
WGD2ANC00967	6
WGD2ANC00968	4
WGD2ANC00969	10
WGD2ANC00970	4
WGD2ANC00971	7
WGD2ANC00972	6
WGD2ANC00973	7
WGD2ANC00974	10
WGD2ANC00975	11
WGD2ANC00976	13
WGD2ANC00977	7
WGD2ANC00978	7
WGD2ANC00979	7
WGD2ANC00980	7
WGD2ANC00981	10
WGD2ANC00982	7
WGD2ANC00983	4
WGD2ANC00984	11
WGD2ANC00985	12
WGD2ANC00986	11
WGD2ANC00987	7
WGD2ANC00988	9
WGD2ANC00989	6
WGD2ANC00990	6
WGD2ANC00991	6
WGD2ANC00992	4
WGD2ANC00993	5
WGD2ANC00994	4
WGD2ANC00995	6
WGD2ANC00996	7
WGD2ANC00997	11
WGD2ANC00998	12
WGD2ANC00999	6
WGD2ANC01000	7
WGD2ANC01001	9
WGD2ANC01002	2
WGD2ANC01003	3
WGD2ANC01004	7
WGD2ANC01005	7
WGD2ANC01006	12
WGD2ANC01007	6
WGD2ANC01008	5
WGD2ANC01009	7
WGD2ANC01010	4
WGD2ANC01011	7
WGD2ANC01012	4
WGD2ANC01013	10
WGD2ANC01014	7
WGD2ANC01015	4
WGD2ANC01016	12
WGD2ANC01017	4
WGD2ANC01018	12
WGD2ANC01019	7
WGD2ANC01020	7
WGD2ANC01021	7
WGD2ANC01022	6
WGD2ANC01023	13
WGD2ANC01024	6
WGD2ANC01025	4
WGD2ANC01026	6
WGD2ANC01027	4
WGD2ANC01028	4
WGD2ANC01029	11
WGD2ANC01030	6
WGD2ANC01031	4
WGD2ANC01032	8
WGD2ANC01033	7
WGD2ANC01034	4
WGD2ANC01035	7
WGD2ANC01036	6
WGD2ANC01037	6
WGD2ANC01038	9
WGD2ANC01039	6
WGD2ANC01040	13
WGD2ANC01041	13
WGD2ANC01042	4
WGD2ANC01043	7
WGD2ANC01044	2
WGD2ANC01045	8
WGD2ANC01046	8
WGD2ANC01047	5
WGD2ANC01048	7
WGD2ANC01049	10
WGD2ANC01050	6
WGD2ANC01051	4
WGD2ANC01052	5
WGD2ANC01053	4
WGD2ANC01054	5
WGD2ANC01055	6
WGD2ANC01056	4
WGD2ANC01057	4
WGD2ANC01058	7
WGD2ANC01059	8
WGD2ANC01060	7
WGD2ANC01061	4
WGD2ANC01062	4
WGD2ANC01063	11
WGD2ANC01064	7
WGD2ANC01065	7
WGD2ANC01066	12
WGD2ANC01067	4
WGD2ANC01068	10
WGD2ANC01069	10
WGD2ANC01070	6
WGD2ANC01071	7
WGD2ANC01072	6
WGD2ANC01073	6
WGD2ANC01074	6
WGD2ANC01075	13
WGD2ANC01076	12
WGD2ANC01077	5
WGD2ANC01078	9
WGD2ANC01079	6
WGD2ANC01080	7
WGD2ANC01081	4
WGD2ANC01082	7
WGD2ANC01083	4
WGD2ANC01084	7
WGD2ANC01085	7
WGD2ANC01086	2
WGD2ANC01087	4
WGD2ANC01088	4
WGD2ANC01089	4
WGD2ANC01090	7
WGD2ANC01091	6
WGD2ANC01092	3
WGD2ANC01093	7
WGD2ANC01094	7
WGD2ANC01095	4
WGD2ANC01096	9
WGD2ANC01097	4
WGD2ANC01098	7
WGD2ANC01099	4
WGD2ANC01100	9
WGD2ANC01101	5
WGD2ANC01102	9
WGD2ANC01103	2
WGD2ANC01104	6
WGD2ANC01105	12
WGD2ANC01106	6
WGD2ANC01107	8
WGD2ANC01108	5
WGD2ANC01109	6
WGD2ANC01110	7
WGD2ANC01111	7
WGD2ANC01112	7
WGD2ANC01113	7
WGD2ANC01114	7
WGD2ANC01115	7
WGD2ANC01116	4
WGD2ANC01117	5
WGD2ANC01118	6
WGD2ANC01119	6
WGD2ANC01120	5
WGD2ANC01121	6
WGD2ANC01122	12
WGD2ANC01123	13
WGD2ANC01124	7
WGD2ANC01125	7
WGD2ANC01126	4
WGD2ANC01127	3
WGD2ANC01128	6
WGD2ANC01129	6
WGD2ANC01130	6
WGD2ANC01131	7
WGD2ANC01132	7
WGD2ANC01133	7
WGD2ANC01134	4
WGD2ANC01135	6
WGD2ANC01136	10
WGD2ANC01137	6
WGD2ANC01138	7
WGD2ANC01139	6
WGD2ANC01140	10
WGD2ANC01141	6
WGD2ANC01142	7
WGD2ANC01143	3
WGD2ANC01144	10
WGD2ANC01145	7
WGD2ANC01146	4
WGD2ANC01147	4
WGD2ANC01148	6
WGD2ANC01149	6
WGD2ANC01150	6
WGD2ANC01151	9
WGD2ANC01152	13
WGD2ANC01153	8
WGD2ANC01154	4
WGD2ANC01155	7
WGD2ANC01156	7
WGD2ANC01157	7
WGD2ANC01158	7
WGD2ANC01159	7
WGD2ANC01160	4
WGD2ANC01161	7
WGD2ANC01162	6
WGD2ANC01163	6
WGD2ANC01164	7
WGD2ANC01165	6
WGD2ANC01166	6
WGD2ANC01167	4
WGD2ANC01168	7
WGD2ANC01169	7
WGD2ANC01170	4
WGD2ANC01171	6
WGD2ANC01172	12
WGD2ANC01173	4
WGD2ANC01174	7
WGD2ANC01175	7
WGD2ANC01176	5
WGD2ANC01177	7
WGD2ANC01178	7
WGD2ANC01179	4
WGD2ANC01180	9
WGD2ANC01181	7
WGD2ANC01182	7
WGD2ANC01183	6
WGD2ANC01184	7
WGD2ANC01185	13
WGD2ANC01186	4
WGD2ANC01187	11
WGD2ANC01188	7
WGD2ANC01189	7
WGD2ANC01190	4
WGD2ANC01191	5
WGD2ANC01192	7
WGD2ANC01193	6
WGD2ANC01194	10
WGD2ANC01195	4
WGD2ANC01196	7
WGD2ANC01197	5
WGD2ANC01198	4
WGD2ANC01199	4
WGD2ANC01200	4
WGD2ANC01201	6
WGD2ANC01202	6
WGD2ANC01203	6
WGD2ANC01204	10
WGD2ANC01205	13
WGD2ANC01206	4
WGD2ANC01207	6
WGD2ANC01208	7
WGD2ANC01209	7
WGD2ANC01210	7
WGD2ANC01211	7
WGD2ANC01212	5
WGD2ANC01213	6
WGD2ANC01214	10
WGD2ANC01215	6
WGD2ANC01216	10
WGD2ANC01217	9
WGD2ANC01218	6
WGD2ANC01219	7
WGD2ANC01220	4
WGD2ANC01221	4
WGD2ANC01222	5
WGD2ANC01223	5
WGD2ANC01224	5
WGD2ANC01225	5
WGD2ANC01226	4
WGD2ANC01227	5
WGD2ANC01228	9
WGD2ANC01229	7
WGD2ANC01230	8
WGD2ANC01231	5
WGD2ANC01232	4
WGD2ANC01233	7
WGD2ANC01234	7
WGD2ANC01235	7
WGD2ANC01236	7
WGD2ANC01237	11
WGD2ANC01238	7
WGD2ANC01239	7
WGD2ANC01240	7
WGD2ANC01241	7
WGD2ANC01242	6
WGD2ANC01243	6
WGD2ANC01244	7
WGD2ANC01245	10
WGD2ANC01246	7
WGD2ANC01247	6
WGD2ANC01248	8
WGD2ANC01249	4
WGD2ANC01250	4
WGD2ANC01251	6
WGD2ANC01252	7
WGD2ANC01253	7
WGD2ANC01254	11
WGD2ANC01255	12
WGD2ANC01256	9
WGD2ANC01257	4
WGD2ANC01258	12
WGD2ANC01259	6
WGD2ANC01260	4
WGD2ANC01261	12
WGD2ANC01262	7
WGD2ANC01263	4
WGD2ANC01264	7
WGD2ANC01265	7
WGD2ANC01266	7
WGD2ANC01267	6
WGD2ANC01268	4
WGD2ANC01269	4
WGD2ANC01270	6
WGD2ANC01271	6
WGD2ANC01272	4
WGD2ANC01273	4
WGD2ANC01274	7
WGD2ANC01275	6
WGD2ANC01276	4
WGD2ANC01277	5
WGD2ANC01278	7
WGD2ANC01279	12
WGD2ANC01280	7
WGD2ANC01281	7
WGD2ANC01282	11
WGD2ANC01283	4
WGD2ANC01284	6
WGD2ANC01285	4
WGD2ANC01286	6
WGD2ANC01287	4
WGD2ANC01288	7
WGD2ANC01289	6
WGD2ANC01290	4
WGD2ANC01291	4
WGD2ANC01292	6
WGD2ANC01293	10
WGD2ANC01294	12
WGD2ANC01295	10
WGD2ANC01296	6
WGD2ANC01297	10
WGD2ANC01298	10
WGD2ANC01299	6
WGD2ANC01300	7
WGD2ANC01301	7
WGD2ANC01302	7
WGD2ANC01303	7
WGD2ANC01304	13
WGD2ANC01305	6
WGD2ANC01306	7
WGD2ANC01307	8
WGD2ANC01308	10
WGD2ANC01309	4
WGD2ANC01310	7
WGD2ANC01311	6
WGD2ANC01312	6
WGD2ANC01313	7
WGD2ANC01314	6
WGD2ANC01315	10
WGD2ANC01316	7
WGD2ANC01317	6
WGD2ANC01318	7
WGD2ANC01319	4
WGD2ANC01320	7
WGD2ANC01321	4
WGD2ANC01322	7
WGD2ANC01323	7
WGD2ANC01324	7
WGD2ANC01325	2
WGD2ANC01326	6
WGD2ANC01327	5
WGD2ANC01328	6
WGD2ANC01329	4
WGD2ANC01330	4
WGD2ANC01331	7
WGD2ANC01332	4
WGD2ANC01333	6
WGD2ANC01334	7
WGD2ANC01335	5
WGD2ANC01336	4
WGD2ANC01337	7
WGD2ANC01338	5
WGD2ANC01339	7
WGD2ANC01340	6
WGD2ANC01341	7
WGD2ANC01342	4
WGD2ANC01343	5
WGD2ANC01344	6
WGD2ANC01345	7
WGD2ANC01346	7
WGD2ANC01347	7
WGD2ANC01348	9
WGD2ANC01349	4
WGD2ANC01350	4
WGD2ANC01351	7
WGD2ANC01352	7
WGD2ANC01353	7
WGD2ANC01354	6
WGD2ANC01355	6
WGD2ANC01356	7
WGD2ANC01357	9
WGD2ANC01358	12
WGD2ANC01359	4
WGD2ANC01360	7
WGD2ANC01361	5
WGD2ANC01362	6
WGD2ANC01363	6
WGD2ANC01364	7
WGD2ANC01365	5
WGD2ANC01366	6
WGD2ANC01367	2
WGD2ANC01368	7
WGD2ANC01369	4
WGD2ANC01370	7
WGD2ANC01371	7
WGD2ANC01372	4
WGD2ANC01373	5
WGD2ANC01374	7
WGD2ANC01375	7
WGD2ANC01376	6
WGD2ANC01377	4
WGD2ANC01378	4
WGD2ANC01379	5
WGD2ANC01380	7
WGD2ANC01381	7
WGD2ANC01382	4
WGD2ANC01383	6
WGD2ANC01384	6
WGD2ANC01385	4
WGD2ANC01386	5
WGD2ANC01387	7
WGD2ANC01388	9
WGD2ANC01389	6
WGD2ANC01390	7
WGD2ANC01391	7
WGD2ANC01392	7
WGD2ANC01393	6
WGD2ANC01394	5
WGD2ANC01395	4
WGD2ANC01396	10
WGD2ANC01397	7
WGD2ANC01398	7
WGD2ANC01399	4
WGD2ANC01400	9
WGD2ANC01401	6
WGD2ANC01402	4
WGD2ANC01403	7
WGD2ANC01404	5
WGD2ANC01405	6
WGD2ANC01406	3
WGD2ANC01407	7
WGD2ANC01408	7
WGD2ANC01409	7
WGD2ANC01410	6
WGD2ANC01411	7
WGD2ANC01412	10
WGD2ANC01413	4
WGD2ANC01414	7
WGD2ANC01415	8
WGD2ANC01416	7
WGD2ANC01417	7
WGD2ANC01418	7
WGD2ANC01419	4
WGD2ANC01420	4
WGD2ANC01421	7
WGD2ANC01422	7
WGD2ANC01423	4
WGD2ANC01424	7
WGD2ANC01425	4
WGD2ANC01426	8
WGD2ANC01427	4
WGD2ANC01428	4
WGD2ANC01429	6
WGD2ANC01430	7
WGD2ANC01431	4
WGD2ANC01432	4
WGD2ANC01433	4
WGD2ANC01434	9
WGD2ANC01435	7
WGD2ANC01436	4
WGD2ANC01437	7
WGD2ANC01438	7
WGD2ANC01439	7
WGD2ANC01440	10
WGD2ANC01441	6
WGD2ANC01442	6
WGD2ANC01443	5
WGD2ANC01444	3
WGD2ANC01445	4
WGD2ANC01446	7
WGD2ANC01447	7
WGD2ANC01448	4
WGD2ANC01449	5
WGD2ANC01450	4
WGD2ANC01451	6
WGD2ANC01452	6
WGD2ANC01453	6
WGD2ANC01454	6
WGD2ANC01455	7
WGD2ANC01456	7
WGD2ANC01457	4
WGD2ANC01458	7
WGD2ANC01459	6
WGD2ANC01460	7
WGD2ANC01461	5
WGD2ANC01462	4
WGD2ANC01463	6
WGD2ANC01464	7
WGD2ANC01465	6
WGD2ANC01466	7
WGD2ANC01467	13
WGD2ANC01468	7
WGD2ANC01469	12
WGD2ANC01470	7
WGD2ANC01471	5
WGD2ANC01472	13
WGD2ANC01473	4
WGD2ANC01474	6
WGD2ANC01475	10
WGD2ANC01476	6
WGD2ANC01477	13
WGD2ANC01478	7
WGD2ANC01479	4
WGD2ANC01480	7
WGD2ANC01481	7
WGD2ANC01482	6
WGD2ANC01483	13
WGD2ANC01484	6
WGD2ANC01485	7
WGD2ANC01486	4
WGD2ANC01487	6
WGD2ANC01488	7
WGD2ANC01489	4
WGD2ANC01490	12
WGD2ANC01491	10
WGD2ANC01492	2
WGD2ANC01493	7
WGD2ANC01494	6
WGD2ANC01495	13
WGD2ANC01496	7
WGD2ANC01497	6
WGD2ANC01498	7
WGD2ANC01499	10
WGD2ANC01500	12
WGD2ANC01501	7
WGD2ANC01502	6
WGD2ANC01503	4
WGD2ANC01504	6
WGD2ANC01505	13
WGD2ANC01506	4
WGD2ANC01507	13
WGD2ANC01508	4
WGD2ANC01509	7
WGD2ANC01510	7
WGD2ANC01511	6
WGD2ANC01512	6
WGD2ANC01513	4
WGD2ANC01514	3
WGD2ANC01515	4
WGD2ANC01516	8
WGD2ANC01517	7
WGD2ANC01518	4
WGD2ANC01519	7
WGD2ANC01520	4
WGD2ANC01521	5
WGD2ANC01522	5
WGD2ANC01523	6
WGD2ANC01524	11
WGD2ANC01525	6
WGD2ANC01526	5
WGD2ANC01527	6
WGD2ANC01528	7
WGD2ANC01529	4
WGD2ANC01530	13
WGD2ANC01531	7
WGD2ANC01532	12
WGD2ANC01533	6
WGD2ANC01534	5
WGD2ANC01535	8
WGD2ANC01536	4
WGD2ANC01537	7
WGD2ANC01538	7
WGD2ANC01539	4
WGD2ANC01540	11
WGD2ANC01541	4
WGD2ANC01542	6
WGD2ANC01543	7
WGD2ANC01544	13
WGD2ANC01545	9
WGD2ANC01546	12
WGD2ANC01547	4
WGD2ANC01548	7
WGD2ANC01549	7
WGD2ANC01550	5
WGD2ANC01551	5
WGD2ANC01552	6
WGD2ANC01553	9
WGD2ANC01554	7
WGD2ANC01555	7
WGD2ANC01556	6
WGD2ANC01557	4
WGD2ANC01558	7
WGD2ANC01559	12
WGD2ANC01560	7
WGD2ANC01561	7
WGD2ANC01562	9
WGD2ANC01563	12
WGD2ANC01564	6
WGD2ANC01565	4
WGD2ANC01566	7
WGD2ANC01567	13
WGD2ANC01568	10
WGD2ANC01569	7
WGD2ANC01570	4
WGD2ANC01571	10
WGD2ANC01572	7
WGD2ANC01573	7
WGD2ANC01574	10
WGD2ANC01575	10
WGD2ANC01576	4
WGD2ANC01577	4
WGD2ANC01578	4
WGD2ANC01579	5
WGD2ANC01580	7
WGD2ANC01581	4
WGD2ANC01582	4
WGD2ANC01583	6
WGD2ANC01584	4
WGD2ANC01585	4
WGD2ANC01586	6
WGD2ANC01587	6
WGD2ANC01588	8
WGD2ANC01589	4
WGD2ANC01590	7
WGD2ANC01591	7
WGD2ANC01592	7
WGD2ANC01593	10
WGD2ANC01594	6
WGD2ANC01595	12
WGD2ANC01596	7
WGD2ANC01597	4
WGD2ANC01598	6
WGD2ANC01599	4
WGD2ANC01600	4
WGD2ANC01601	3
WGD2ANC01602	7
WGD2ANC01603	4
WGD2ANC01604	5
WGD2ANC01605	7
WGD2ANC01606	4
WGD2ANC01607	6
WGD2ANC01608	2
WGD2ANC01609	7
WGD2ANC01610	7
WGD2ANC01611	5
WGD2ANC01612	4
WGD2ANC01613	8
WGD2ANC01614	6
WGD2ANC01615	7
WGD2ANC01616	6
WGD2ANC01617	4
WGD2ANC01618	4
WGD2ANC01619	7
WGD2ANC01620	5
WGD2ANC01621	7
WGD2ANC01622	6
WGD2ANC01623	6
WGD2ANC01624	4
WGD2ANC01625	3
WGD2ANC01626	4
WGD2ANC01627	5
WGD2ANC01628	6
WGD2ANC01629	6
WGD2ANC01630	7
WGD2ANC01631	6
WGD2ANC01632	6
WGD2ANC01633	6
WGD2ANC01634	7
WGD2ANC01635	4
WGD2ANC01636	13
WGD2ANC01637	5
WGD2ANC01638	8
WGD2ANC01639	6
WGD2ANC01640	6
WGD2ANC01641	5
WGD2ANC01642	6
WGD2ANC01643	12
WGD2ANC01644	12
WGD2ANC01645	7
WGD2ANC01646	7
WGD2ANC01647	6
WGD2ANC01648	5
WGD2ANC01649	10
WGD2ANC01650	6
WGD2ANC01651	7
WGD2ANC01652	9
WGD2ANC01653	7
WGD2ANC01654	11
WGD2ANC01655	7
WGD2ANC01656	11
WGD2ANC01657	12
WGD2ANC01658	5
WGD2ANC01659	5
WGD2ANC01660	7
WGD2ANC01661	9
WGD2ANC01662	6
WGD2ANC01663	4
WGD2ANC01664	6
WGD2ANC01665	7
WGD2ANC01666	7
WGD2ANC01667	11
WGD2ANC01668	13
WGD2ANC01669	10
WGD2ANC01670	8
WGD2ANC01671	5
WGD2ANC01672	7
WGD2ANC01673	13
WGD2ANC01674	7
WGD2ANC01675	4
WGD2ANC01676	3
WGD2ANC01677	3
WGD2ANC01678	6
WGD2ANC01679	4
WGD2ANC01680	4
WGD2ANC01681	5
WGD2ANC01682	9
WGD2ANC01683	5
WGD2ANC01684	5
WGD2ANC01685	6
WGD2ANC01686	7
WGD2ANC01687	4
WGD2ANC01688	7
WGD2ANC01689	4
WGD2ANC01690	5
WGD2ANC01691	7
WGD2ANC01692	4
WGD2ANC01693	5
WGD2ANC01694	5
WGD2ANC01695	6
WGD2ANC01696	9
WGD2ANC01697	13
WGD2ANC01698	4
WGD2ANC01699	7
WGD2ANC01700	7
WGD2ANC01701	4
WGD2ANC01702	7
WGD2ANC01703	7
WGD2ANC01704	6
WGD2ANC01705	2
WGD2ANC01706	7
WGD2ANC01707	4
WGD2ANC01708	3
WGD2ANC01709	7
WGD2ANC01710	7
WGD2ANC01711	4
WGD2ANC01712	5
WGD2ANC01713	5
WGD2ANC01714	7
WGD2ANC01715	10
WGD2ANC01716	6
WGD2ANC01717	7
WGD2ANC01718	5
WGD2ANC01719	10
WGD2ANC01720	6
WGD2ANC01721	6
WGD2ANC01722	7
WGD2ANC01723	9
WGD2ANC01724	9
WGD2ANC01725	11
WGD2ANC01726	12
WGD2ANC01727	4
WGD2ANC01728	7
WGD2ANC01729	6
WGD2ANC01730	9
WGD2ANC01731	7
WGD2ANC01732	6
WGD2ANC01733	9
WGD2ANC01734	6
WGD2ANC01735	6
WGD2ANC01736	7
WGD2ANC01737	7
WGD2ANC01738	4
WGD2ANC01739	6
WGD2ANC01740	9
WGD2ANC01741	12
WGD2ANC01742	7
WGD2ANC01743	7
WGD2ANC01744	7
WGD2ANC01745	13
WGD2ANC01746	5
WGD2ANC01747	4
WGD2ANC01748	7
WGD2ANC01749	7
WGD2ANC01750	7
WGD2ANC01751	4
WGD2ANC01752	10
WGD2ANC01753	6
WGD2ANC01754	7
WGD2ANC01755	13
WGD2ANC01756	7
WGD2ANC01757	4
WGD2ANC01758	4
WGD2ANC01759	7
WGD2ANC01760	5
WGD2ANC01761	10
WGD2ANC01762	5
WGD2ANC01763	6
WGD2ANC01764	7
WGD2ANC01765	5
WGD2ANC01766	11
WGD2ANC01767	7
WGD2ANC01768	13
WGD2ANC01769	7
WGD2ANC01770	7
WGD2ANC01771	12
WGD2ANC01772	2
WGD2ANC01773	6
WGD2ANC01774	4
WGD2ANC01775	4
WGD2ANC01776	5
WGD2ANC01777	12
WGD2ANC01778	7
WGD2ANC01779	10
WGD2ANC01780	11
WGD2ANC01781	4
WGD2ANC01782	7
WGD2ANC01783	4
WGD2ANC01784	5
WGD2ANC01785	4
WGD2ANC01786	7
WGD2ANC01787	6
WGD2ANC01788	6
WGD2ANC01789	6
WGD2ANC01790	4
WGD2ANC01791	4
WGD2ANC01792	9
WGD2ANC01793	7
WGD2ANC01794	5
WGD2ANC01795	7
WGD2ANC01796	7
WGD2ANC01797	12
WGD2ANC01798	7
WGD2ANC01799	7
WGD2ANC01800	4
WGD2ANC01801	12
WGD2ANC01802	7
WGD2ANC01803	7
WGD2ANC01804	7
WGD2ANC01805	7
WGD2ANC01806	13
WGD2ANC01807	6
WGD2ANC01808	4
WGD2ANC01809	8
WGD2ANC01810	7
WGD2ANC01811	6
WGD2ANC01812	6
WGD2ANC01813	4
WGD2ANC01814	8
WGD2ANC01815	6
WGD2ANC01816	8
WGD2ANC01817	4
WGD2ANC01818	4
WGD2ANC01819	6
WGD2ANC01820	7
WGD2ANC01821	7
WGD2ANC01822	7
WGD2ANC01823	6
WGD2ANC01824	11
WGD2ANC01825	10
WGD2ANC01826	4
WGD2ANC01827	6
WGD2ANC01828	4
WGD2ANC01829	6
WGD2ANC01830	5
WGD2ANC01831	5
WGD2ANC01832	13
WGD2ANC01833	3
WGD2ANC01834	7
WGD2ANC01835	5
WGD2ANC01836	7
WGD2ANC01837	5
WGD2ANC01838	7
WGD2ANC01839	3
WGD2ANC01840	7
WGD2ANC01841	13
WGD2ANC01842	10
WGD2ANC01843	6
WGD2ANC01844	4
WGD2ANC01845	7
WGD2ANC01846	7
WGD2ANC01847	7
WGD2ANC01848	4
WGD2ANC01849	5
WGD2ANC01850	9
WGD2ANC01851	4
WGD2ANC01852	12
WGD2ANC01853	4
WGD2ANC01854	13
WGD2ANC01855	6
WGD2ANC01856	6
WGD2ANC01857	6
WGD2ANC01858	7
WGD2ANC01859	7
WGD2ANC01860	6
WGD2ANC01861	7
WGD2ANC01862	4
WGD2ANC01863	3
WGD2ANC01864	4
WGD2ANC01865	6
WGD2ANC01866	4
WGD2ANC01867	7
WGD2ANC01868	4
WGD2ANC01869	4
WGD2ANC01870	13
WGD2ANC01871	5
WGD2ANC01872	4
WGD2ANC01873	4
WGD2ANC01874	7
WGD2ANC01875	4
WGD2ANC01876	4
WGD2ANC01877	6
WGD2ANC01878	4
WGD2ANC01879	4
WGD2ANC01880	4
WGD2ANC01881	7
WGD2ANC01882	7
WGD2ANC01883	9
WGD2ANC01884	5
WGD2ANC01885	4
WGD2ANC01886	10
WGD2ANC01887	3
WGD2ANC01888	5
WGD2ANC01889	7
WGD2ANC01890	4
WGD2ANC01891	7
WGD2ANC01892	11
WGD2ANC01893	7
WGD2ANC01894	8
WGD2ANC01895	6
WGD2ANC01896	5
WGD2ANC01897	11
WGD2ANC01898	6
WGD2ANC01899	6
WGD2ANC01900	4
WGD2ANC01901	4
WGD2ANC01902	7
WGD2ANC01903	7
WGD2ANC01904	7
WGD2ANC01905	13
WGD2ANC01906	9
WGD2ANC01907	3
WGD2ANC01908	10
WGD2ANC01909	5
WGD2ANC01910	4
WGD2ANC01911	11
WGD2ANC01912	6
WGD2ANC01913	4
WGD2ANC01914	5
WGD2ANC01915	10
WGD2ANC01916	11
WGD2ANC01917	4
WGD2ANC01918	12
WGD2ANC01919	4
WGD2ANC01920	5
WGD2ANC01921	6
WGD2ANC01922	7
WGD2ANC01923	11
WGD2ANC01924	5
WGD2ANC01925	9
WGD2ANC01926	6
WGD2ANC01927	7
WGD2ANC01928	4
WGD2ANC01929	4
WGD2ANC01930	12
WGD2ANC01931	6
WGD2ANC01932	6
WGD2ANC01933	3
WGD2ANC01934	7
WGD2ANC01935	7
WGD2ANC01936	6
WGD2ANC01937	7
WGD2ANC01938	7
WGD2ANC01939	6
WGD2ANC01940	6
WGD2ANC01941	6
WGD2ANC01942	7
WGD2ANC01943	5
WGD2ANC01944	7
WGD2ANC01945	6
WGD2ANC01946	7
WGD2ANC01947	7
WGD2ANC01948	7
WGD2ANC01949	4
WGD2ANC01950	6
WGD2ANC01951	7
WGD2ANC01952	3
WGD2ANC01953	5
WGD2ANC01954	6
WGD2ANC01955	7
WGD2ANC01956	10
WGD2ANC01957	7
WGD2ANC01958	9
WGD2ANC01959	4
WGD2ANC01960	10
WGD2ANC01961	3
WGD2ANC01962	7
WGD2ANC01963	3
WGD2ANC01964	7
WGD2ANC01965	12
WGD2ANC01966	6
WGD2ANC01967	4
WGD2ANC01968	7
WGD2ANC01969	6
WGD2ANC01970	8
WGD2ANC01971	7
WGD2ANC01972	3
WGD2ANC01973	7
WGD2ANC01974	9
WGD2ANC01975	11
WGD2ANC01976	10
WGD2ANC01977	5
WGD2ANC01978	11
WGD2ANC01979	7
WGD2ANC01980	11
WGD2ANC01981	7
WGD2ANC01982	7
WGD2ANC01983	7
WGD2ANC01984	5
WGD2ANC01985	4
WGD2ANC01986	4
WGD2ANC01987	5
WGD2ANC01988	9
WGD2ANC01989	7
WGD2ANC01990	3
WGD2ANC01991	7
WGD2ANC01992	7
WGD2ANC01993	9
WGD2ANC01994	7
WGD2ANC01995	8
WGD2ANC01996	8
WGD2ANC01997	10
WGD2ANC01998	6
WGD2ANC01999	7
WGD2ANC02000	7
WGD2ANC02001	7
WGD2ANC02002	7
WGD2ANC02003	5
WGD2ANC02004	5
WGD2ANC02005	7
WGD2ANC02006	6
WGD2ANC02007	6
WGD2ANC02008	7
WGD2ANC02009	7
WGD2ANC02010	4
WGD2ANC02011	5
WGD2ANC02012	3
WGD2ANC02013	4
WGD2ANC02014	4
WGD2ANC02015	7
WGD2ANC02016	6
WGD2ANC02017	5
WGD2ANC02018	6
WGD2ANC02019	9
WGD2ANC02020	4
WGD2ANC02021	6
WGD2ANC02022	7
WGD2ANC02023	7
WGD2ANC02024	7
WGD2ANC02025	7
WGD2ANC02026	6
WGD2ANC02027	8
WGD2ANC02028	7
WGD2ANC02029	6
WGD2ANC02030	11
WGD2ANC02031	9
WGD2ANC02032	6
WGD2ANC02033	12
WGD2ANC02034	5
WGD2ANC02035	4
WGD2ANC02036	5
WGD2ANC02037	6
WGD2ANC02038	7
WGD2ANC02039	12
WGD2ANC02040	13
WGD2ANC02041	6
WGD2ANC02042	4
WGD2ANC02043	6
WGD2ANC02044	7
WGD2ANC02045	6
WGD2ANC02046	4
WGD2ANC02047	6
WGD2ANC02048	5
WGD2ANC02049	6
WGD2ANC02050	7
WGD2ANC02051	4
WGD2ANC02052	5
WGD2ANC02053	5
WGD2ANC02054	7
WGD2ANC02055	5
WGD2ANC02056	7
WGD2ANC02057	7
WGD2ANC02058	6
WGD2ANC02059	4
WGD2ANC02060	4
WGD2ANC02061	5
WGD2ANC02062	6
WGD2ANC02063	10
WGD2ANC02064	13
WGD2ANC02065	4
WGD2ANC02066	6
WGD2ANC02067	7
WGD2ANC02068	7
WGD2ANC02069	6
WGD2ANC02070	4
WGD2ANC02071	5
WGD2ANC02072	4
WGD2ANC02073	4
WGD2ANC02074	5
WGD2ANC02075	10
WGD2ANC02076	7
WGD2ANC02077	6
WGD2ANC02078	7
WGD2ANC02079	10
WGD2ANC02080	4
WGD2ANC02081	7
WGD2ANC02082	6
WGD2ANC02083	12
WGD2ANC02084	5
WGD2ANC02085	6
WGD2ANC02086	7
WGD2ANC02087	6
WGD2ANC02088	4
WGD2ANC02089	7
WGD2ANC02090	7
WGD2ANC02091	4
WGD2ANC02092	4
WGD2ANC02093	7
WGD2ANC02094	7
WGD2ANC02095	5
WGD2ANC02096	4
WGD2ANC02097	13
WGD2ANC02098	4
WGD2ANC02099	4
WGD2ANC02100	7
WGD2ANC02101	9
WGD2ANC02102	6
WGD2ANC02103	6
WGD2ANC02104	4
WGD2ANC02105	2
WGD2ANC02106	4
WGD2ANC02107	7
WGD2ANC02108	6
WGD2ANC02109	7
WGD2ANC02110	2
WGD2ANC02111	4
WGD2ANC02112	7
WGD2ANC02113	13
WGD2ANC02114	10
WGD2ANC02115	4
WGD2ANC02116	6
WGD2ANC02117	4
WGD2ANC02118	4
WGD2ANC02119	7
WGD2ANC02120	7
WGD2ANC02121	7
WGD2ANC02122	5
WGD2ANC02123	7
WGD2ANC02124	7
WGD2ANC02125	4
WGD2ANC02126	5
WGD2ANC02127	7
WGD2ANC02128	4
WGD2ANC02129	7
WGD2ANC02130	7
WGD2ANC02131	10
WGD2ANC02132	7
WGD2ANC02133	5
WGD2ANC02134	10
WGD2ANC02135	12
WGD2ANC02136	10
WGD2ANC02137	6
WGD2ANC02138	6
WGD2ANC02139	11
WGD2ANC02140	6
WGD2ANC02141	4
WGD2ANC02142	5
WGD2ANC02143	6
WGD2ANC02144	7
WGD2ANC02145	5
WGD2ANC02146	6
WGD2ANC02147	12
WGD2ANC02148	7
WGD2ANC02149	7
WGD2ANC02150	6
WGD2ANC02151	6
WGD2ANC02152	7
WGD2ANC02153	7
WGD2ANC02154	5
WGD2ANC02155	7
WGD2ANC02156	4
WGD2ANC02157	5
WGD2ANC02158	11
WGD2ANC02159	6
WGD2ANC02160	7
WGD2ANC02161	6
WGD2ANC02162	4
WGD2ANC02163	5
WGD2ANC02164	13
WGD2ANC02165	4
WGD2ANC02166	11
WGD2ANC02167	7
WGD2ANC02168	10
WGD2ANC02169	6
WGD2ANC02170	6
WGD2ANC02171	4
WGD2ANC02172	8
WGD2ANC02173	7
WGD2ANC02174	6
WGD2ANC02175	4
WGD2ANC02176	5
WGD2ANC02177	6
WGD2ANC02178	7
WGD2ANC02179	5
WGD2ANC02180	4
WGD2ANC02181	6
WGD2ANC02182	6
WGD2ANC02183	7
WGD2ANC02184	6
WGD2ANC02185	7
WGD2ANC02186	7
WGD2ANC02187	7
WGD2ANC02188	7
WGD2ANC02189	6
WGD2ANC02190	7
WGD2ANC02191	7
WGD2ANC02192	5
WGD2ANC02193	9
WGD2ANC02194	7
WGD2ANC02195	7
WGD2ANC02196	4
WGD2ANC02197	6
WGD2ANC02198	11
WGD2ANC02199	10
WGD2ANC02200	12
WGD2ANC02201	7
WGD2ANC02202	7
WGD2ANC02203	4
WGD2ANC02204	7
WGD2ANC02205	6
WGD2ANC02206	7
WGD2ANC02207	6
WGD2ANC02208	5
WGD2ANC02209	7
WGD2ANC02210	7
WGD2ANC02211	7
WGD2ANC02212	4
WGD2ANC02213	7
WGD2ANC02214	4
WGD2ANC02215	9
WGD2ANC02216	6
WGD2ANC02217	5
WGD2ANC02218	5
WGD2ANC02219	7
WGD2ANC02220	7
WGD2ANC02221	4
WGD2ANC02222	6
WGD2ANC02223	8
WGD2ANC02224	6
WGD2ANC02225	5
WGD2ANC02226	13
WGD2ANC02227	6
WGD2ANC02228	7
WGD2ANC02229	6
WGD2ANC02230	7
WGD2ANC02231	7
WGD2ANC02232	7
WGD2ANC02233	7
WGD2ANC02234	5
WGD2ANC02235	7
WGD2ANC02236	7
WGD2ANC02237	6
WGD2ANC02238	5
WGD2ANC02239	13
WGD2ANC02240	12
WGD2ANC02241	10
WGD2ANC02242	4
WGD2ANC02243	4
WGD2ANC02244	6
WGD2ANC02245	4
WGD2ANC02246	4
WGD2ANC02247	7
WGD2ANC02248	7
WGD2ANC02249	4
WGD2ANC02250	7
WGD2ANC02251	7
WGD2ANC02252	5
WGD2ANC02253	7
WGD2ANC02254	5
WGD2ANC02255	10
WGD2ANC02256	5
WGD2ANC02257	7
WGD2ANC02258	7
WGD2ANC02259	8
WGD2ANC02260	6
WGD2ANC02261	12
WGD2ANC02262	5
WGD2ANC02263	7
WGD2ANC02264	5
WGD2ANC02265	4
WGD2ANC02266	7
WGD2ANC02267	9
WGD2ANC02268	7
WGD2ANC02269	7
WGD2ANC02270	7
WGD2ANC02271	7
WGD2ANC02272	7
WGD2ANC02273	6
WGD2ANC02274	6
WGD2ANC02275	6
WGD2ANC02276	6
WGD2ANC02277	6
WGD2ANC02278	5
WGD2ANC02279	4
WGD2ANC02280	6
WGD2ANC02281	8
WGD2ANC02282	7
WGD2ANC02283	6
WGD2ANC02284	4
WGD2ANC02285	12
WGD2ANC02286	10
WGD2ANC02287	5
WGD2ANC02288	5
WGD2ANC02289	4
WGD2ANC02290	12
WGD2ANC02291	7
WGD2ANC02292	6
WGD2ANC02293	5
WGD2ANC02294	5
WGD2ANC02295	7
WGD2ANC02296	8
WGD2ANC02297	6
WGD2ANC02298	10
WGD2ANC02299	6
WGD2ANC02300	7
WGD2ANC02301	5
WGD2ANC02302	6
WGD2ANC02303	6
WGD2ANC02304	5
WGD2ANC02305	7
WGD2ANC02306	6
WGD2ANC02307	5
WGD2ANC02308	5
WGD2ANC02309	4
WGD2ANC02310	7
WGD2ANC02311	6
WGD2ANC02312	6
WGD2ANC02313	6
WGD2ANC02314	6
WGD2ANC02315	7
WGD2ANC02316	12
WGD2ANC02317	6
WGD2ANC02318	6
WGD2ANC02319	6
WGD2ANC02320	7
WGD2ANC02321	6
WGD2ANC02322	11
WGD2ANC02323	12
WGD2ANC02324	3
WGD2ANC02325	6
WGD2ANC02326	11
WGD2ANC02327	4
WGD2ANC02328	6
WGD2ANC02329	7
WGD2ANC02330	7
WGD2ANC02331	4
WGD2ANC02332	4
WGD2ANC02333	4
WGD2ANC02334	6
WGD2ANC02335	7
WGD2ANC02336	13
WGD2ANC02337	9
WGD2ANC02338	7
WGD2ANC02339	10
WGD2ANC02340	7
WGD2ANC02341	7
WGD2ANC02342	5
WGD2ANC02343	13
WGD2ANC02344	6
WGD2ANC02345	4
WGD2ANC02346	7
WGD2ANC02347	6
WGD2ANC02348	4
WGD2ANC02349	13
WGD2ANC02350	4
WGD2ANC02351	12
WGD2ANC02352	5
WGD2ANC02353	4
WGD2ANC02354	7
WGD2ANC02355	6
WGD2ANC02356	7
WGD2ANC02357	7
WGD2ANC02358	4
WGD2ANC02359	6
WGD2ANC02360	7
WGD2ANC02361	5
WGD2ANC02362	10
WGD2ANC02363	6
WGD2ANC02364	6
WGD2ANC02365	4
WGD2ANC02366	7
WGD2ANC02367	4
WGD2ANC02368	7
WGD2ANC02369	7
WGD2ANC02370	6
WGD2ANC02371	6
WGD2ANC02372	7
WGD2ANC02373	7
WGD2ANC02374	3
WGD2ANC02375	6
WGD2ANC02376	7
WGD2ANC02377	5
WGD2ANC02378	2
WGD2ANC02379	8
WGD2ANC02380	10
WGD2ANC02381	5
WGD2ANC02382	9
WGD2ANC02383	9
WGD2ANC02384	9
WGD2ANC02385	7
WGD2ANC02386	4
WGD2ANC02387	9
WGD2ANC02388	6
WGD2ANC02389	4
WGD2ANC02390	5
WGD2ANC02391	5
WGD2ANC02392	5
WGD2ANC02393	4
WGD2ANC02394	12
WGD2ANC02395	7
WGD2ANC02396	5
WGD2ANC02397	13
WGD2ANC02398	13
WGD2ANC02399	7
WGD2ANC02400	10
WGD2ANC02401	4
WGD2ANC02402	10
WGD2ANC02403	6
WGD2ANC02404	6
WGD2ANC02405	7
WGD2ANC02406	6
WGD2ANC02407	4
WGD2ANC02408	7
WGD2ANC02409	5
WGD2ANC02410	7
WGD2ANC02411	3
WGD2ANC02412	12
WGD2ANC02413	7
WGD2ANC02414	5
WGD2ANC02415	7
WGD2ANC02416	7
WGD2ANC02417	7
WGD2ANC02418	6
WGD2ANC02419	7
WGD2ANC02420	10
WGD2ANC02421	4
WGD2ANC02422	7
WGD2ANC02423	7
WGD2ANC02424	10
WGD2ANC02425	4
WGD2ANC02426	7
WGD2ANC02427	7
WGD2ANC02428	7
WGD2ANC02429	4
WGD2ANC02430	4
WGD2ANC02431	4
WGD2ANC02432	9
WGD2ANC02433	10
WGD2ANC02434	4
WGD2ANC02435	4
WGD2ANC02436	4
WGD2ANC02437	13
WGD2ANC02438	12
WGD2ANC02439	2
WGD2ANC02440	7
WGD2ANC02441	7
WGD2ANC02442	10
WGD2ANC02443	4
WGD2ANC02444	4
WGD2ANC02445	13
WGD2ANC02446	7
WGD2ANC02447	10
WGD2ANC02448	7
WGD2ANC02449	4
WGD2ANC02450	9
WGD2ANC02451	6
WGD2ANC02452	9
WGD2ANC02453	8
WGD2ANC02454	7
WGD2ANC02455	7
WGD2ANC02456	7
WGD2ANC02457	9
WGD2ANC02458	6
WGD2ANC02459	5
WGD2ANC02460	6
WGD2ANC02461	6
WGD2ANC02462	5
WGD2ANC02463	9
WGD2ANC02464	7
WGD2ANC02465	5
WGD2ANC02466	12
WGD2ANC02467	7
WGD2ANC02468	6
WGD2ANC02469	6
WGD2ANC02470	6
WGD2ANC02471	7
WGD2ANC02472	7
WGD2ANC02473	6
WGD2ANC02474	7
WGD2ANC02475	7
WGD2ANC02476	4
WGD2ANC02477	6
WGD2ANC02478	7
WGD2ANC02479	7
WGD2ANC02480	4
WGD2ANC02481	4
WGD2ANC02482	6
WGD2ANC02483	7
WGD2ANC02484	7
WGD2ANC02485	7
WGD2ANC02486	6
WGD2ANC02487	7
WGD2ANC02488	6
WGD2ANC02489	6
WGD2ANC02490	3
WGD2ANC02491	3
WGD2ANC02492	6
WGD2ANC02493	6
WGD2ANC02494	6
WGD2ANC02495	7
WGD2ANC02496	7
WGD2ANC02497	7
WGD2ANC02498	13
WGD2ANC02499	10
WGD2ANC02500	4
WGD2ANC02501	4
WGD2ANC02502	6
WGD2ANC02503	5
WGD2ANC02504	7
WGD2ANC02505	10
WGD2ANC02506	10
WGD2ANC02507	7
WGD2ANC02508	6
WGD2ANC02509	10
WGD2ANC02510	7
WGD2ANC02511	4
WGD2ANC02512	5
WGD2ANC02513	6
WGD2ANC02514	4
WGD2ANC02515	5
WGD2ANC02516	5
WGD2ANC02517	4
WGD2ANC02518	7
WGD2ANC02519	4
WGD2ANC02520	4
WGD2ANC02521	6
WGD2ANC02522	7
WGD2ANC02523	4
WGD2ANC02524	4
WGD2ANC02525	4
WGD2ANC02526	4
WGD2ANC02527	6
WGD2ANC02528	6
WGD2ANC02529	6
WGD2ANC02530	4
WGD2ANC02531	7
WGD2ANC02532	3
WGD2ANC02533	3
WGD2ANC02534	7
WGD2ANC02535	7
WGD2ANC02536	6
WGD2ANC02537	6
WGD2ANC02538	7
WGD2ANC02539	7
WGD2ANC02540	4
WGD2ANC02541	5
WGD2ANC02542	6
WGD2ANC02543	5
WGD2ANC02544	9
WGD2ANC02545	7
WGD2ANC02546	5
WGD2ANC02547	4
WGD2ANC02548	7
WGD2ANC02549	6
WGD2ANC02550	6
WGD2ANC02551	6
WGD2ANC02552	7
WGD2ANC02553	7
WGD2ANC02554	7
WGD2ANC02555	11
WGD2ANC02556	7
WGD2ANC02557	7
WGD2ANC02558	7
WGD2ANC02559	6
WGD2ANC02560	7
WGD2ANC02561	4
WGD2ANC02562	7
WGD2ANC02563	4
WGD2ANC02564	5
WGD2ANC02565	4
WGD2ANC02566	7
WGD2ANC02567	7
WGD2ANC02568	7
WGD2ANC02569	6
WGD2ANC02570	7
WGD2ANC02571	6
WGD2ANC02572	6
WGD2ANC02573	6
WGD2ANC02574	5
WGD2ANC02575	10
WGD2ANC02576	7
WGD2ANC02577	4
WGD2ANC02578	7
WGD2ANC02579	7
WGD2ANC02580	4
WGD2ANC02581	4
WGD2ANC02582	7
WGD2ANC02583	7
WGD2ANC02584	10
WGD2ANC02585	6
WGD2ANC02586	3
WGD2ANC02587	7
WGD2ANC02588	7
WGD2ANC02589	7
WGD2ANC02590	6
WGD2ANC02591	4
WGD2ANC02592	7
WGD2ANC02593	7
WGD2ANC02594	6
WGD2ANC02595	5
WGD2ANC02596	5
WGD2ANC02597	6
WGD2ANC02598	5
WGD2ANC02599	4
WGD2ANC02600	7
WGD2ANC02601	6
WGD2ANC02602	7
WGD2ANC02603	7
WGD2ANC02604	7
WGD2ANC02605	4
WGD2ANC02606	4
WGD2ANC02607	5
WGD2ANC02608	4
WGD2ANC02609	7
WGD2ANC02610	4
WGD2ANC02611	2
WGD2ANC02612	7
WGD2ANC02613	7
WGD2ANC02614	5
WGD2ANC02615	7
WGD2ANC02616	11
WGD2ANC02617	13
WGD2ANC02618	13
WGD2ANC02619	4
WGD2ANC02620	7
WGD2ANC02621	7
WGD2ANC02622	13
WGD2ANC02623	5
WGD2ANC02624	5
WGD2ANC02625	7
WGD2ANC02626	6
WGD2ANC02627	9
WGD2ANC02628	7
WGD2ANC02629	7
WGD2ANC02630	12
WGD2ANC02631	4
WGD2ANC02632	5
WGD2ANC02633	6
WGD2ANC02634	7
WGD2ANC02635	10
WGD2ANC02636	13
WGD2ANC02637	6
WGD2ANC02638	6
WGD2ANC02639	12
WGD2ANC02640	6
WGD2ANC02641	7
WGD2ANC02642	5
WGD2ANC02643	4
WGD2ANC02644	6
WGD2ANC02645	7
WGD2ANC02646	3
WGD2ANC02647	6
WGD2ANC02648	5
WGD2ANC02649	7
WGD2ANC02650	6
WGD2ANC02651	10
WGD2ANC02652	9
WGD2ANC02653	10
WGD2ANC02654	13
WGD2ANC02655	6
WGD2ANC02656	12
WGD2ANC02657	4
WGD2ANC02658	12
WGD2ANC02659	10
WGD2ANC02660	7
WGD2ANC02661	7
WGD2ANC02662	7
WGD2ANC02663	4
WGD2ANC02664	4
WGD2ANC02665	5
WGD2ANC02666	7
WGD2ANC02667	5
WGD2ANC02668	4
WGD2ANC02669	6
WGD2ANC02670	4
WGD2ANC02671	6
WGD2ANC02672	3
WGD2ANC02673	7
WGD2ANC02674	4
WGD2ANC02675	4
WGD2ANC02676	4
WGD2ANC02677	9
WGD2ANC02678	6
WGD2ANC02679	5
WGD2ANC02680	7
WGD2ANC02681	6
WGD2ANC02682	6
WGD2ANC02683	4
WGD2ANC02684	7
WGD2ANC02685	5
WGD2ANC02686	6
WGD2ANC02687	13
WGD2ANC02688	7
WGD2ANC02689	9
WGD2ANC02690	6
WGD2ANC02691	4
WGD2ANC02692	4
WGD2ANC02693	4
WGD2ANC02694	7
WGD2ANC02695	7
WGD2ANC02696	5
WGD2ANC02697	13
WGD2ANC02698	7
WGD2ANC02699	4
WGD2ANC02700	7
WGD2ANC02701	6
WGD2ANC02702	4
WGD2ANC02703	6
WGD2ANC02704	4
WGD2ANC02705	7
WGD2ANC02706	7
WGD2ANC02707	6
WGD2ANC02708	4
WGD2ANC02709	7
WGD2ANC02710	4
WGD2ANC02711	7
WGD2ANC02712	6
WGD2ANC02713	4
WGD2ANC02714	5
WGD2ANC02715	7
WGD2ANC02716	6
WGD2ANC02717	7
WGD2ANC02718	6
WGD2ANC02719	7
WGD2ANC02720	7
WGD2ANC02721	11
WGD2ANC02722	9
WGD2ANC02723	7
WGD2ANC02724	7
WGD2ANC02725	7
WGD2ANC02726	7
WGD2ANC02727	2
WGD2ANC02728	10
WGD2ANC02729	4
WGD2ANC02730	5
WGD2ANC02731	4
WGD2ANC02732	12
WGD2ANC02733	10
WGD2ANC02734	6
WGD2ANC02735	4
WGD2ANC02736	7
WGD2ANC02737	12
WGD2ANC02738	10
WGD2ANC02739	6
WGD2ANC02740	10
WGD2ANC02741	9
WGD2ANC02742	5
WGD2ANC02743	7
WGD2ANC02744	8
WGD2ANC02745	7
WGD2ANC02746	9
WGD2ANC02747	9
WGD2ANC02748	13
WGD2ANC02749	7
WGD2ANC02750	6
WGD2ANC02751	7
WGD2ANC02752	7
WGD2ANC02753	7
WGD2ANC02754	7
WGD2ANC02755	7
WGD2ANC02756	4
WGD2ANC02757	6
WGD2ANC02758	6
WGD2ANC02759	7
WGD2ANC02760	6
WGD2ANC02761	4
WGD2ANC02762	6
WGD2ANC02763	7
WGD2ANC02764	12
WGD2ANC02765	5
WGD2ANC02766	6
WGD2ANC02767	6
WGD2ANC02768	7
WGD2ANC02769	7
WGD2ANC02770	6
WGD2ANC02771	7
WGD2ANC02772	7
WGD2ANC02773	4
WGD2ANC02774	7
WGD2ANC02775	7
WGD2ANC02776	9
WGD2ANC02777	6
WGD2ANC02778	7
WGD2ANC02779	6
WGD2ANC02780	10
WGD2ANC02781	4
WGD2ANC02782	6
WGD2ANC02783	12
WGD2ANC02784	5
WGD2ANC02785	6
WGD2ANC02786	7
WGD2ANC02787	7
WGD2ANC02788	7
WGD2ANC02789	6
WGD2ANC02790	5
WGD2ANC02791	9
WGD2ANC02792	6
WGD2ANC02793	5
WGD2ANC02794	7
WGD2ANC02795	5
WGD2ANC02796	4
WGD2ANC02797	7
WGD2ANC02798	6
WGD2ANC02799	5
WGD2ANC02800	6
WGD2ANC02801	4
WGD2ANC02802	4
WGD2ANC02803	7
WGD2ANC02804	7
WGD2ANC02805	10
WGD2ANC02806	6
WGD2ANC02807	7
WGD2ANC02808	6
WGD2ANC02809	7
WGD2ANC02810	5
WGD2ANC02811	4
WGD2ANC02812	6
WGD2ANC02813	4
WGD2ANC02814	4
WGD2ANC02815	4
WGD2ANC02816	4
WGD2ANC02817	5
WGD2ANC02818	9
WGD2ANC02819	6
WGD2ANC02820	6
WGD2ANC02821	6
WGD2ANC02822	11
WGD2ANC02823	5
WGD2ANC02824	6
WGD2ANC02825	6
WGD2ANC02826	7
WGD2ANC02827	6
WGD2ANC02828	7
WGD2ANC02829	4
WGD2ANC02830	7
WGD2ANC02831	8
WGD2ANC02832	6
WGD2ANC02833	12
WGD2ANC02834	7
WGD2ANC02835	7
WGD2ANC02836	7
WGD2ANC02837	5
WGD2ANC02838	6
WGD2ANC02839	5
WGD2ANC02840	13
WGD2ANC02841	8
WGD2ANC02842	10
WGD2ANC02843	7
WGD2ANC02844	5
WGD2ANC02845	7
WGD2ANC02846	7
WGD2ANC02847	9
WGD2ANC02848	10
WGD2ANC02849	7
WGD2ANC02850	7
WGD2ANC02851	7
WGD2ANC02852	6
WGD2ANC02853	7
WGD2ANC02854	10
WGD2ANC02855	7
WGD2ANC02856	8
WGD2ANC02857	5
WGD2ANC02858	6
WGD2ANC02859	3
WGD2ANC02860	5
WGD2ANC02861	7
WGD2ANC02862	9
WGD2ANC02863	5
WGD2ANC02864	6
WGD2ANC02865	7
WGD2ANC02866	4
WGD2ANC02867	6
WGD2ANC02868	4
WGD2ANC02869	7
WGD2ANC02870	4
WGD2ANC02871	6
WGD2ANC02872	5
WGD2ANC02873	4
WGD2ANC02874	6
WGD2ANC02875	5
WGD2ANC02876	6
WGD2ANC02877	7
WGD2ANC02878	7
WGD2ANC02879	7
WGD2ANC02880	7
WGD2ANC02881	7
WGD2ANC02882	7
WGD2ANC02883	6
WGD2ANC02884	7
WGD2ANC02885	4
WGD2ANC02886	7
WGD2ANC02887	7
WGD2ANC02888	5
WGD2ANC02889	4
WGD2ANC02890	6
WGD2ANC02891	11
WGD2ANC02892	6
WGD2ANC02893	12
WGD2ANC02894	5
WGD2ANC02895	7
WGD2ANC02896	9
WGD2ANC02897	7
WGD2ANC02898	4
WGD2ANC02899	7
WGD2ANC02900	5
WGD2ANC02901	7
WGD2ANC02902	7
WGD2ANC02903	5
WGD2ANC02904	7
WGD2ANC02905	12
WGD2ANC02906	6
WGD2ANC02907	7
WGD2ANC02908	4
WGD2ANC02909	6
WGD2ANC02910	6
WGD2ANC02911	7
WGD2ANC02912	7
WGD2ANC02913	4
WGD2ANC02914	3
WGD2ANC02915	7
WGD2ANC02916	7
WGD2ANC02917	6
WGD2ANC02918	11
WGD2ANC02919	7
WGD2ANC02920	7
WGD2ANC02921	5
WGD2ANC02922	8
WGD2ANC02923	13
WGD2ANC02924	7
WGD2ANC02925	7
WGD2ANC02926	4
WGD2ANC02927	6
WGD2ANC02928	7
WGD2ANC02929	4
WGD2ANC02930	10
WGD2ANC02931	5
WGD2ANC02932	4
WGD2ANC02933	4
WGD2ANC02934	10
WGD2ANC02935	7
WGD2ANC02936	7
WGD2ANC02937	4
WGD2ANC02938	7
WGD2ANC02939	7
WGD2ANC02940	4
WGD2ANC02941	6
WGD2ANC02942	11
WGD2ANC02943	9
WGD2ANC02944	13
WGD2ANC02945	13
WGD2ANC02946	7
WGD2ANC02947	7
WGD2ANC02948	4
WGD2ANC02949	10
WGD2ANC02950	4
WGD2ANC02951	10
WGD2ANC02952	12
WGD2ANC02953	6
WGD2ANC02954	7
WGD2ANC02955	7
WGD2ANC02956	7
WGD2ANC02957	7
WGD2ANC02958	7
WGD2ANC02959	5
WGD2ANC02960	13
WGD2ANC02961	7
WGD2ANC02962	7
WGD2ANC02963	7
WGD2ANC02964	6
WGD2ANC02965	6
WGD2ANC02966	7
WGD2ANC02967	12
WGD2ANC02968	4
WGD2ANC02969	11
WGD2ANC02970	7
WGD2ANC02971	3
WGD2ANC02972	8
WGD2ANC02973	4
WGD2ANC02974	6
WGD2ANC02975	7
WGD2ANC02976	5
WGD2ANC02977	4
WGD2ANC02978	7
WGD2ANC02979	10
WGD2ANC02980	4
WGD2ANC02981	7
WGD2ANC02982	7
WGD2ANC02983	5
WGD2ANC02984	6
WGD2ANC02985	7
WGD2ANC02986	4
WGD2ANC02987	7
WGD2ANC02988	4
WGD2ANC02989	7
WGD2ANC02990	5
WGD2ANC02991	7
WGD2ANC02992	7
WGD2ANC02993	11
WGD2ANC02994	6
WGD2ANC02995	7
WGD2ANC02996	11
WGD2ANC02997	4
WGD2ANC02998	10
WGD2ANC02999	7
WGD2ANC03000	12
WGD2ANC03001	7
WGD2ANC03002	7
WGD2ANC03003	11
WGD2ANC03004	7
WGD2ANC03005	6
WGD2ANC03006	7
WGD2ANC03007	10
WGD2ANC03008	7
WGD2ANC03009	10
WGD2ANC03010	9
WGD2ANC03011	5
WGD2ANC03012	7
WGD2ANC03013	7
WGD2ANC03014	7
WGD2ANC03015	6
WGD2ANC03016	5
WGD2ANC03017	6
WGD2ANC03018	7
WGD2ANC03019	7
WGD2ANC03020	4
WGD2ANC03021	4
WGD2ANC03022	5
WGD2ANC03023	7
WGD2ANC03024	7
WGD2ANC03025	7
WGD2ANC03026	6
WGD2ANC03027	6
WGD2ANC03028	13
WGD2ANC03029	5
WGD2ANC03030	6
WGD2ANC03031	7
WGD2ANC03032	7
WGD2ANC03033	4
WGD2ANC03034	4
WGD2ANC03035	7
WGD2ANC03036	6
WGD2ANC03037	6
WGD2ANC03038	4
WGD2ANC03039	4
WGD2ANC03040	5
WGD2ANC03041	4
WGD2ANC03042	7
WGD2ANC03043	7
WGD2ANC03044	4
WGD2ANC03045	6
WGD2ANC03046	7
WGD2ANC03047	4
WGD2ANC03048	5
WGD2ANC03049	10
WGD2ANC03050	13
WGD2ANC03051	4
WGD2ANC03052	6
WGD2ANC03053	5
WGD2ANC03054	5
WGD2ANC03055	4
WGD2ANC03056	6
WGD2ANC03057	7
WGD2ANC03058	7
WGD2ANC03059	11
WGD2ANC03060	7
WGD2ANC03061	4
WGD2ANC03062	8
WGD2ANC03063	4
WGD2ANC03064	10
WGD2ANC03065	10
WGD2ANC03066	7
WGD2ANC03067	9
WGD2ANC03068	4
WGD2ANC03069	7
WGD2ANC03070	4
WGD2ANC03071	6
WGD2ANC03072	5
WGD2ANC03073	5
WGD2ANC03074	7
WGD2ANC03075	4
WGD2ANC03076	8
WGD2ANC03077	12
WGD2ANC03078	5
WGD2ANC03079	7
WGD2ANC03080	10
WGD2ANC03081	9
WGD2ANC03082	11
WGD2ANC03083	7
WGD2ANC03084	7
WGD2ANC03085	6
WGD2ANC03086	4
WGD2ANC03087	7
WGD2ANC03088	10
WGD2ANC03089	7
WGD2ANC03090	4
WGD2ANC03091	7
WGD2ANC03092	10
WGD2ANC03093	7
WGD2ANC03094	5
WGD2ANC03095	6
WGD2ANC03096	4
WGD2ANC03097	4
WGD2ANC03098	5
WGD2ANC03099	4
WGD2ANC03100	7
WGD2ANC03101	7
WGD2ANC03102	4
WGD2ANC03103	7
WGD2ANC03104	7
WGD2ANC03105	5
WGD2ANC03106	7
WGD2ANC03107	4
WGD2ANC03108	12
WGD2ANC03109	4
WGD2ANC03110	6
WGD2ANC03111	7
WGD2ANC03112	4
WGD2ANC03113	7
WGD2ANC03114	6
WGD2ANC03115	7
WGD2ANC03116	10
WGD2ANC03117	7
WGD2ANC03118	5
WGD2ANC03119	5
WGD2ANC03120	13
WGD2ANC03121	6
WGD2ANC03122	7
WGD2ANC03123	9
WGD2ANC03124	6
WGD2ANC03125	7
WGD2ANC03126	5
WGD2ANC03127	4
WGD2ANC03128	7
WGD2ANC03129	13
WGD2ANC03130	8
WGD2ANC03131	7
WGD2ANC03132	6
WGD2ANC03133	5
WGD2ANC03134	4
WGD2ANC03135	4
WGD2ANC03136	6
WGD2ANC03137	7
WGD2ANC03138	12
WGD2ANC03139	10
WGD2ANC03140	7
WGD2ANC03141	7
WGD2ANC03142	5
WGD2ANC03143	5
WGD2ANC03144	5
WGD2ANC03145	10
WGD2ANC03146	4
WGD2ANC03147	10
WGD2ANC03148	4
WGD2ANC03149	10
WGD2ANC03150	7
WGD2ANC03151	10
WGD2ANC03152	13
WGD2ANC03153	6
WGD2ANC03154	10
WGD2ANC03155	10
WGD2ANC03156	4
WGD2ANC03157	7
WGD2ANC03158	5
WGD2ANC03159	4
WGD2ANC03160	10
WGD2ANC03161	7
WGD2ANC03162	7
WGD2ANC03163	5
WGD2ANC03164	6
WGD2ANC03165	7
WGD2ANC03166	4
WGD2ANC03167	7
WGD2ANC03168	4
WGD2ANC03169	7
WGD2ANC03170	7
WGD2ANC03171	7
WGD2ANC03172	12
WGD2ANC03173	10
WGD2ANC03174	7
WGD2ANC03175	10
WGD2ANC03176	4
WGD2ANC03177	7
WGD2ANC03178	7
WGD2ANC03179	4
WGD2ANC03180	6
WGD2ANC03181	7
WGD2ANC03182	13
WGD2ANC03183	4
WGD2ANC03184	6
WGD2ANC03185	5
WGD2ANC03186	4
WGD2ANC03187	7
WGD2ANC03188	7
WGD2ANC03189	12
WGD2ANC03190	6
WGD2ANC03191	6
WGD2ANC03192	4
WGD2ANC03193	4
WGD2ANC03194	7
WGD2ANC03195	7
WGD2ANC03196	4
WGD2ANC03197	7
WGD2ANC03198	5
WGD2ANC03199	6
WGD2ANC03200	4
WGD2ANC03201	12
WGD2ANC03202	5
WGD2ANC03203	7
WGD2ANC03204	7
WGD2ANC03205	7
WGD2ANC03206	6
WGD2ANC03207	6
WGD2ANC03208	3
WGD2ANC03209	7
WGD2ANC03210	4
WGD2ANC03211	4
WGD2ANC03212	6
WGD2ANC03213	6
WGD2ANC03214	4
WGD2ANC03215	7
WGD2ANC03216	7
WGD2ANC03217	6
WGD2ANC03218	4
WGD2ANC03219	5
WGD2ANC03220	7
WGD2ANC03221	7
WGD2ANC03222	4
WGD2ANC03223	4
WGD2ANC03224	7
WGD2ANC03225	8
WGD2ANC03226	7
WGD2ANC03227	6
WGD2ANC03228	7
WGD2ANC03229	7
WGD2ANC03230	3
WGD2ANC03231	4
WGD2ANC03232	4
WGD2ANC03233	6
WGD2ANC03234	4
WGD2ANC03235	5
WGD2ANC03236	7
WGD2ANC03237	7
WGD2ANC03238	6
WGD2ANC03239	8
WGD2ANC03240	7
WGD2ANC03241	10
WGD2ANC03242	7
WGD2ANC03243	5
WGD2ANC03244	7
WGD2ANC03245	4
WGD2ANC03246	4
WGD2ANC03247	7
WGD2ANC03248	7
WGD2ANC03249	4
WGD2ANC03250	9
WGD2ANC03251	6
WGD2ANC03252	6
WGD2ANC03253	13
WGD2ANC03254	3
WGD2ANC03255	4
WGD2ANC03256	7
WGD2ANC03257	6
WGD2ANC03258	6
WGD2ANC03259	4
WGD2ANC03260	6
WGD2ANC03261	7
WGD2ANC03262	11
WGD2ANC03263	7
WGD2ANC03264	7
WGD2ANC03265	6
WGD2ANC03266	7
WGD2ANC03267	6
WGD2ANC03268	5
WGD2ANC03269	6
WGD2ANC03270	7
WGD2ANC03271	7
WGD2ANC03272	7
WGD2ANC03273	6
WGD2ANC03274	7
WGD2ANC03275	7
WGD2ANC03276	4
WGD2ANC03277	7
WGD2ANC03278	6
WGD2ANC03279	7
WGD2ANC03280	4
WGD2ANC03281	7
WGD2ANC03282	4
WGD2ANC03283	7
WGD2ANC03284	7
WGD2ANC03285	7
WGD2ANC03286	7
WGD2ANC03287	7
WGD2ANC03288	6
WGD2ANC03289	2
WGD2ANC03290	6
WGD2ANC03291	7
WGD2ANC03292	4
WGD2ANC03293	5
WGD2ANC03294	7
WGD2ANC03295	4
WGD2ANC03296	4
WGD2ANC03297	5
WGD2ANC03298	7
WGD2ANC03299	7
WGD2ANC03300	7
WGD2ANC03301	4
WGD2ANC03302	7
WGD2ANC03303	4
WGD2ANC03304	5
WGD2ANC03305	6
WGD2ANC03306	6
WGD2ANC03307	6
WGD2ANC03308	4
WGD2ANC03309	6
WGD2ANC03310	2
WGD2ANC03311	4
WGD2ANC03312	5
WGD2ANC03313	5
WGD2ANC03314	7
WGD2ANC03315	12
WGD2ANC03316	11
WGD2ANC03317	10
WGD2ANC03318	13
WGD2ANC03319	10
WGD2ANC03320	6
WGD2ANC03321	4
WGD2ANC03322	9
WGD2ANC03323	4
WGD2ANC03324	4
WGD2ANC03325	7
WGD2ANC03326	7
WGD2ANC03327	11
WGD2ANC03328	7
WGD2ANC03329	4
WGD2ANC03330	4
WGD2ANC03331	4
WGD2ANC03332	7
WGD2ANC03333	5
WGD2ANC03334	4
WGD2ANC03335	4
WGD2ANC03336	5
WGD2ANC03337	3
WGD2ANC03338	8
WGD2ANC03339	7
WGD2ANC03340	7
WGD2ANC03341	11
WGD2ANC03342	5
WGD2ANC03343	4
WGD2ANC03344	7
WGD2ANC03345	4
WGD2ANC03346	5
WGD2ANC03347	7
WGD2ANC03348	5
WGD2ANC03349	7
WGD2ANC03350	11
WGD2ANC03351	4
WGD2ANC03352	6
WGD2ANC03353	4
WGD2ANC03354	7
WGD2ANC03355	6
WGD2ANC03356	5
WGD2ANC03357	4
WGD2ANC03358	10
WGD2ANC03359	7
WGD2ANC03360	10
WGD2ANC03361	7
WGD2ANC03362	7
WGD2ANC03363	7
WGD2ANC03364	4
WGD2ANC03365	4
WGD2ANC03366	7
WGD2ANC03367	4
WGD2ANC03368	7
WGD2ANC03369	7
WGD2ANC03370	7
WGD2ANC03371	5
WGD2ANC03372	4
WGD2ANC03373	7
WGD2ANC03374	7
WGD2ANC03375	5
WGD2ANC03376	4
WGD2ANC03377	9
WGD2ANC03378	7
WGD2ANC03379	7
WGD2ANC03380	7
WGD2ANC03381	7
WGD2ANC03382	3
WGD2ANC03383	5
WGD2ANC03384	13
WGD2ANC03385	10
WGD2ANC03386	4
WGD2ANC03387	4
WGD2ANC03388	8
WGD2ANC03389	3
WGD2ANC03390	7
WGD2ANC03391	4
WGD2ANC03392	6
WGD2ANC03393	7
WGD2ANC03394	5
WGD2ANC03395	6
WGD2ANC03396	7
WGD2ANC03397	7
WGD2ANC03398	6
WGD2ANC03399	6
WGD2ANC03400	5
WGD2ANC03401	5
WGD2ANC03402	9
WGD2ANC03403	6
WGD2ANC03404	6
WGD2ANC03405	11
WGD2ANC03406	2
WGD2ANC03407	12
WGD2ANC03408	7
WGD2ANC03409	5
WGD2ANC03410	6
WGD2ANC03411	11
WGD2ANC03412	7
WGD2ANC03413	5
WGD2ANC03414	4
WGD2ANC03415	7
WGD2ANC03416	4
WGD2ANC03417	6
WGD2ANC03418	6
WGD2ANC03419	5
WGD2ANC03420	6
WGD2ANC03421	5
WGD2ANC03422	6
WGD2ANC03423	4
WGD2ANC03424	6
WGD2ANC03425	7
WGD2ANC03426	7
WGD2ANC03427	2
WGD2ANC03428	7
WGD2ANC03429	7
WGD2ANC03430	4
WGD2ANC03431	6
WGD2ANC03432	7
WGD2ANC03433	5
WGD2ANC03434	4
WGD2ANC03435	7
WGD2ANC03436	9
WGD2ANC03437	7
WGD2ANC03438	4
WGD2ANC03439	4
WGD2ANC03440	4
WGD2ANC03441	8
WGD2ANC03442	4
WGD2ANC03443	4
WGD2ANC03444	5
WGD2ANC03445	5
WGD2ANC03446	7
WGD2ANC03447	3
WGD2ANC03448	6
WGD2ANC03449	4
WGD2ANC03450	7
WGD2ANC03451	5
WGD2ANC03452	3
WGD2ANC03453	9
WGD2ANC03454	7
WGD2ANC03455	4
WGD2ANC03456	8
WGD2ANC03457	6
WGD2ANC03458	6
WGD2ANC03459	4
WGD2ANC03460	7
WGD2ANC03461	4
WGD2ANC03462	13
WGD2ANC03463	9
WGD2ANC03464	6
WGD2ANC03465	5
WGD2ANC03466	10
WGD2ANC03467	4
WGD2ANC03468	6
WGD2ANC03469	4
WGD2ANC03470	7
WGD2ANC03471	7
WGD2ANC03472	4
WGD2ANC03473	6
WGD2ANC03474	7
WGD2ANC03475	7
WGD2ANC03476	4
WGD2ANC03477	4
WGD2ANC03478	4
WGD2ANC03479	5
WGD2ANC03480	4
WGD2ANC03481	5
WGD2ANC03482	6
WGD2ANC03483	10
WGD2ANC03484	6
WGD2ANC03485	12
WGD2ANC03486	6
WGD2ANC03487	4
WGD2ANC03488	7
WGD2ANC03489	8
WGD2ANC03490	13
WGD2ANC03491	7
WGD2ANC03492	5
WGD2ANC03493	4
WGD2ANC03494	6
WGD2ANC03495	7
WGD2ANC03496	7
WGD2ANC03497	7
WGD2ANC03498	4
WGD2ANC03499	7
WGD2ANC03500	6
WGD2ANC03501	4
WGD2ANC03502	7
WGD2ANC03503	5
WGD2ANC03504	7
WGD2ANC03505	4
WGD2ANC03506	10
WGD2ANC03507	7
WGD2ANC03508	6
WGD2ANC03509	6
WGD2ANC03510	4
WGD2ANC03511	6
WGD2ANC03512	5
WGD2ANC03513	5
WGD2ANC03514	7
WGD2ANC03515	4
WGD2ANC03516	4
WGD2ANC03517	4
WGD2ANC03518	7
WGD2ANC03519	6
WGD2ANC03520	7
WGD2ANC03521	5
WGD2ANC03522	7
WGD2ANC03523	6
WGD2ANC03524	7
WGD2ANC03525	4
WGD2ANC03526	7
WGD2ANC03527	6
WGD2ANC03528	7
WGD2ANC03529	7
WGD2ANC03530	8
WGD2ANC03531	4
WGD2ANC03532	6
WGD2ANC03533	7
WGD2ANC03534	6
WGD2ANC03535	10
WGD2ANC03536	4
WGD2ANC03537	4
WGD2ANC03538	6
WGD2ANC03539	7
WGD2ANC03540	7
WGD2ANC03541	7
WGD2ANC03542	5
WGD2ANC03543	6
WGD2ANC03544	7
WGD2ANC03545	7
WGD2ANC03546	9
WGD2ANC03547	11
WGD2ANC03548	9
WGD2ANC03549	4
WGD2ANC03550	7
WGD2ANC03551	7
WGD2ANC03552	7
WGD2ANC03553	5
WGD2ANC03554	5
WGD2ANC03555	4
WGD2ANC03556	7
WGD2ANC03557	6
WGD2ANC03558	7
WGD2ANC03559	7
WGD2ANC03560	7
WGD2ANC03561	4
WGD2ANC03562	7
WGD2ANC03563	4
WGD2ANC03564	7
WGD2ANC03565	7
WGD2ANC03566	7
WGD2ANC03567	7
WGD2ANC03568	4
WGD2ANC03569	4
WGD2ANC03570	7
WGD2ANC03571	4
WGD2ANC03572	11
WGD2ANC03573	11
WGD2ANC03574	6
WGD2ANC03575	4
WGD2ANC03576	9
WGD2ANC03577	4
WGD2ANC03578	5
WGD2ANC03579	12
WGD2ANC03580	7
WGD2ANC03581	7
WGD2ANC03582	5
WGD2ANC03583	7
WGD2ANC03584	7
WGD2ANC03585	7
WGD2ANC03586	4
WGD2ANC03587	6
WGD2ANC03588	6
WGD2ANC03589	7
WGD2ANC03590	7
WGD2ANC03591	3
WGD2ANC03592	13
WGD2ANC03593	6
WGD2ANC03594	4
WGD2ANC03595	13
WGD2ANC03596	7
WGD2ANC03597	9
WGD2ANC03598	7
WGD2ANC03599	4
WGD2ANC03600	6
WGD2ANC03601	13
WGD2ANC03602	7
WGD2ANC03603	10
WGD2ANC03604	7
WGD2ANC03605	4
WGD2ANC03606	7
WGD2ANC03607	5
WGD2ANC03608	12
WGD2ANC03609	4
WGD2ANC03610	7
WGD2ANC03611	4
WGD2ANC03612	7
WGD2ANC03613	7
WGD2ANC03614	4
WGD2ANC03615	7
WGD2ANC03616	12
WGD2ANC03617	6
WGD2ANC03618	7
WGD2ANC03619	9
WGD2ANC03620	7
WGD2ANC03621	4
WGD2ANC03622	7
WGD2ANC03623	7
WGD2ANC03624	11
WGD2ANC03625	9
WGD2ANC03626	4
WGD2ANC03627	7
WGD2ANC03628	7
WGD2ANC03629	4
WGD2ANC03630	4
WGD2ANC03631	7
WGD2ANC03632	5
WGD2ANC03633	7
WGD2ANC03634	4
WGD2ANC03635	6
WGD2ANC03636	9
WGD2ANC03637	6
WGD2ANC03638	9
WGD2ANC03639	4
WGD2ANC03640	6
WGD2ANC03641	7
WGD2ANC03642	7
WGD2ANC03643	7
WGD2ANC03644	7
WGD2ANC03645	10
WGD2ANC03646	3
WGD2ANC03647	5
WGD2ANC03648	9
WGD2ANC03649	12
WGD2ANC03650	10
WGD2ANC03651	12
WGD2ANC03652	5
WGD2ANC03653	6
WGD2ANC03654	6
WGD2ANC03655	7
WGD2ANC03656	5
WGD2ANC03657	5
WGD2ANC03658	7
WGD2ANC03659	6
WGD2ANC03660	10
WGD2ANC03661	4
WGD2ANC03662	4
WGD2ANC03663	13
WGD2ANC03664	6
WGD2ANC03665	4
WGD2ANC03666	6
WGD2ANC03667	9
WGD2ANC03668	6
WGD2ANC03669	7
WGD2ANC03670	4
WGD2ANC03671	10
WGD2ANC03672	8
WGD2ANC03673	7
WGD2ANC03674	6
WGD2ANC03675	6
WGD2ANC03676	7
WGD2ANC03677	7
WGD2ANC03678	7
WGD2ANC03679	4
WGD2ANC03680	7
WGD2ANC03681	4
WGD2ANC03682	6
WGD2ANC03683	5
WGD2ANC03684	7
WGD2ANC03685	4
WGD2ANC03686	7
WGD2ANC03687	2
WGD2ANC03688	3
WGD2ANC03689	4
WGD2ANC03690	9
WGD2ANC03691	4
WGD2ANC03692	6
WGD2ANC03693	11
WGD2ANC03694	9
WGD2ANC03695	4
WGD2ANC03696	12
WGD2ANC03697	7
WGD2ANC03698	8
WGD2ANC03699	10
WGD2ANC03700	4
WGD2ANC03701	5
WGD2ANC03702	5
WGD2ANC03703	4
WGD2ANC03704	4
WGD2ANC03705	7
WGD2ANC03706	12
WGD2ANC03707	4
WGD2ANC03708	5
WGD2ANC03709	4
WGD2ANC03710	7
WGD2ANC03711	7
WGD2ANC03712	6
WGD2ANC03713	7
WGD2ANC03714	6
WGD2ANC03715	11
WGD2ANC03716	4
WGD2ANC03717	5
WGD2ANC03718	10
WGD2ANC03719	4
WGD2ANC03720	4
WGD2ANC03721	5
WGD2ANC03722	4
WGD2ANC03723	7
WGD2ANC03724	5
WGD2ANC03725	4
WGD2ANC03726	4
WGD2ANC03727	4
WGD2ANC03728	4
WGD2ANC03729	4
WGD2ANC03730	7
WGD2ANC03731	7
WGD2ANC03732	6
WGD2ANC03733	7
WGD2ANC03734	9
WGD2ANC03735	7
WGD2ANC03736	6
WGD2ANC03737	7
WGD2ANC03738	5
WGD2ANC03739	7
WGD2ANC03740	4
WGD2ANC03741	5
WGD2ANC03742	5
WGD2ANC03743	7
WGD2ANC03744	13
WGD2ANC03745	7
WGD2ANC03746	7
WGD2ANC03747	7
WGD2ANC03748	4
WGD2ANC03749	10
WGD2ANC03750	7
WGD2ANC03751	6
WGD2ANC03752	4
WGD2ANC03753	6
WGD2ANC03754	7
WGD2ANC03755	5
WGD2ANC03756	4
WGD2ANC03757	7
WGD2ANC03758	11
WGD2ANC03759	4
WGD2ANC03760	7
WGD2ANC03761	5
WGD2ANC03762	10
WGD2ANC03763	4
WGD2ANC03764	8
WGD2ANC03765	7
WGD2ANC03766	7
WGD2ANC03767	6
WGD2ANC03768	7
WGD2ANC03769	7
WGD2ANC03770	4
WGD2ANC03771	4
WGD2ANC03772	7
WGD2ANC03773	6
WGD2ANC03774	5
WGD2ANC03775	4
WGD2ANC03776	4
WGD2ANC03777	7
WGD2ANC03778	7
WGD2ANC03779	4
WGD2ANC03780	4
WGD2ANC03781	6
WGD2ANC03782	7
WGD2ANC03783	7
WGD2ANC03784	8
WGD2ANC03785	7
WGD2ANC03786	6
WGD2ANC03787	6
WGD2ANC03788	4
WGD2ANC03789	4
WGD2ANC03790	9
WGD2ANC03791	7
WGD2ANC03792	11
WGD2ANC03793	6
WGD2ANC03794	4
WGD2ANC03795	7
WGD2ANC03796	7
WGD2ANC03797	7
WGD2ANC03798	7
WGD2ANC03799	5
WGD2ANC03800	11
WGD2ANC03801	6
WGD2ANC03802	7
WGD2ANC03803	7
WGD2ANC03804	8
WGD2ANC03805	7
WGD2ANC03806	6
WGD2ANC03807	7
WGD2ANC03808	5
WGD2ANC03809	7
WGD2ANC03810	7
WGD2ANC03811	6
WGD2ANC03812	13
WGD2ANC03813	6
WGD2ANC03814	7
WGD2ANC03815	7
WGD2ANC03816	2
WGD2ANC03817	4
WGD2ANC03818	4
WGD2ANC03819	5
WGD2ANC03820	5
WGD2ANC03821	7
WGD2ANC03822	5
WGD2ANC03823	7
WGD2ANC03824	4
WGD2ANC03825	9
WGD2ANC03826	10
WGD2ANC03827	10
WGD2ANC03828	6
WGD2ANC03829	6
WGD2ANC03830	7
WGD2ANC03831	7
WGD2ANC03832	7
WGD2ANC03833	5
WGD2ANC03834	12
WGD2ANC03835	10
WGD2ANC03836	7
WGD2ANC03837	8
WGD2ANC03838	12
WGD2ANC03839	7
WGD2ANC03840	7
WGD2ANC03841	7
WGD2ANC03842	6
WGD2ANC03843	4
WGD2ANC03844	7
WGD2ANC03845	3
WGD2ANC03846	3
WGD2ANC03847	6
WGD2ANC03848	6
WGD2ANC03849	5
WGD2ANC03850	6
WGD2ANC03851	10
WGD2ANC03852	13
WGD2ANC03853	5
WGD2ANC03854	7
WGD2ANC03855	7
WGD2ANC03856	6
WGD2ANC03857	7
WGD2ANC03858	12
WGD2ANC03859	7
WGD2ANC03860	7
WGD2ANC03861	7
WGD2ANC03862	6
WGD2ANC03863	4
WGD2ANC03864	3
WGD2ANC03865	6
WGD2ANC03866	7
WGD2ANC03867	4
WGD2ANC03868	6
WGD2ANC03869	13
WGD2ANC03870	4
WGD2ANC03871	7
WGD2ANC03872	7
WGD2ANC03873	4
WGD2ANC03874	9
WGD2ANC03875	4
WGD2ANC03876	7
WGD2ANC03877	4
WGD2ANC03878	4
WGD2ANC03879	5
WGD2ANC03880	7
WGD2ANC03881	7
WGD2ANC03882	7
WGD2ANC03883	6
WGD2ANC03884	7
WGD2ANC03885	7
WGD2ANC03886	8
WGD2ANC03887	8
WGD2ANC03888	4
WGD2ANC03889	5
WGD2ANC03890	5
WGD2ANC03891	6
WGD2ANC03892	4
WGD2ANC03893	7
WGD2ANC03894	7
WGD2ANC03895	5
WGD2ANC03896	4
WGD2ANC03897	6
WGD2ANC03898	5
WGD2ANC03899	4
WGD2ANC03900	6
WGD2ANC03901	6
WGD2ANC03902	3
WGD2ANC03903	7
WGD2ANC03904	7
WGD2ANC03905	7
WGD2ANC03906	9
WGD2ANC03907	7
WGD2ANC03908	7
WGD2ANC03909	6
WGD2ANC03910	8
WGD2ANC03911	4
WGD2ANC03912	7
WGD2ANC03913	4
WGD2ANC03914	4
WGD2ANC03915	5
WGD2ANC03916	10
WGD2ANC03917	12
WGD2ANC03918	6
WGD2ANC03919	6
WGD2ANC03920	4
WGD2ANC03921	4
WGD2ANC03922	11
WGD2ANC03923	4
WGD2ANC03924	8
WGD2ANC03925	4
WGD2ANC03926	7
WGD2ANC03927	3
WGD2ANC03928	6
WGD2ANC03929	7
WGD2ANC03930	7
WGD2ANC03931	4
WGD2ANC03932	6
WGD2ANC03933	5
WGD2ANC03934	7
WGD2ANC03935	6
WGD2ANC03936	6
WGD2ANC03937	7
WGD2ANC03938	6
WGD2ANC03939	4
WGD2ANC03940	6
WGD2ANC03941	7
WGD2ANC03942	3
WGD2ANC03943	4
WGD2ANC03944	5
WGD2ANC03945	5
WGD2ANC03946	3
WGD2ANC03947	4
WGD2ANC03948	7
WGD2ANC03949	6
WGD2ANC03950	11
WGD2ANC03951	7
WGD2ANC03952	3
WGD2ANC03953	4
WGD2ANC03954	6
WGD2ANC03955	4
WGD2ANC03956	7
WGD2ANC03957	3
WGD2ANC03958	2
WGD2ANC03959	5
WGD2ANC03960	9
WGD2ANC03961	7
WGD2ANC03962	6
WGD2ANC03963	7
WGD2ANC03964	7
WGD2ANC03965	9
WGD2ANC03966	7
WGD2ANC03967	13
WGD2ANC03968	5
WGD2ANC03969	4
WGD2ANC03970	7
WGD2ANC03971	7
WGD2ANC03972	10
WGD2ANC03973	12
WGD2ANC03974	9
WGD2ANC03975	7
WGD2ANC03976	6
WGD2ANC03977	10
WGD2ANC03978	6
WGD2ANC03979	6
WGD2ANC03980	2
WGD2ANC03981	10
WGD2ANC03982	6
WGD2ANC03983	9
WGD2ANC03984	9
WGD2ANC03985	6
WGD2ANC03986	12
WGD2ANC03987	6
WGD2ANC03988	4
WGD2ANC03989	6
WGD2ANC03990	4
WGD2ANC03991	6
WGD2ANC03992	7
WGD2ANC03993	7
WGD2ANC03994	6
WGD2ANC03995	13
WGD2ANC03996	10
WGD2ANC03997	4
WGD2ANC03998	6
WGD2ANC03999	6
WGD2ANC04000	6
WGD2ANC04001	4
WGD2ANC04002	11
WGD2ANC04003	10
WGD2ANC04004	6
WGD2ANC04005	7
WGD2ANC04006	7
WGD2ANC04007	4
WGD2ANC04008	7
WGD2ANC04009	7
WGD2ANC04010	5
WGD2ANC04011	5
WGD2ANC04012	4
WGD2ANC04013	7
WGD2ANC04014	4
WGD2ANC04015	7
WGD2ANC04016	4
WGD2ANC04017	7
WGD2ANC04018	7
WGD2ANC04019	7
WGD2ANC04020	6
WGD2ANC04021	6
WGD2ANC04022	4
WGD2ANC04023	5
WGD2ANC04024	4
WGD2ANC04025	5
WGD2ANC04026	7
WGD2ANC04027	3
WGD2ANC04028	7
WGD2ANC04029	7
WGD2ANC04030	7
WGD2ANC04031	6
WGD2ANC04032	7
WGD2ANC04033	10
WGD2ANC04034	2
WGD2ANC04035	10
WGD2ANC04036	6
WGD2ANC04037	10
WGD2ANC04038	7
WGD2ANC04039	4
WGD2ANC04040	7
WGD2ANC04041	6
WGD2ANC04042	4
WGD2ANC04043	6
WGD2ANC04044	7
WGD2ANC04045	12
WGD2ANC04046	6
WGD2ANC04047	12
WGD2ANC04048	7
WGD2ANC04049	10
WGD2ANC04050	10
WGD2ANC04051	7
WGD2ANC04052	7
WGD2ANC04053	4
WGD2ANC04054	5
WGD2ANC04055	6
WGD2ANC04056	7
WGD2ANC04057	11
WGD2ANC04058	4
WGD2ANC04059	10
WGD2ANC04060	3
WGD2ANC04061	6
WGD2ANC04062	6
WGD2ANC04063	4
WGD2ANC04064	7
WGD2ANC04065	7
WGD2ANC04066	7
WGD2ANC04067	11
WGD2ANC04068	7
WGD2ANC04069	7
WGD2ANC04070	3
WGD2ANC04071	7
WGD2ANC04072	4
WGD2ANC04073	7
WGD2ANC04074	6
WGD2ANC04075	4
WGD2ANC04076	7
WGD2ANC04077	4
WGD2ANC04078	7
WGD2ANC04079	4
WGD2ANC04080	6
WGD2ANC04081	6
WGD2ANC04082	7
WGD2ANC04083	10
WGD2ANC04084	13
WGD2ANC04085	8
WGD2ANC04086	6
WGD2ANC04087	6
WGD2ANC04088	7
WGD2ANC04089	3
WGD2ANC04090	7
WGD2ANC04091	7
WGD2ANC04092	7
WGD2ANC04093	7
WGD2ANC04094	7
WGD2ANC04095	4
WGD2ANC04096	5
WGD2ANC04097	7
WGD2ANC04098	3
WGD2ANC04099	5
WGD2ANC04100	7
WGD2ANC04101	9
WGD2ANC04102	5
WGD2ANC04103	7
WGD2ANC04104	5
WGD2ANC04105	7
WGD2ANC04106	5
WGD2ANC04107	7
WGD2ANC04108	3
WGD2ANC04109	4
WGD2ANC04110	7
WGD2ANC04111	4
WGD2ANC04112	7
WGD2ANC04113	4
WGD2ANC04114	4
WGD2ANC04115	7
WGD2ANC04116	7
WGD2ANC04117	6
WGD2ANC04118	4
WGD2ANC04119	5
WGD2ANC04120	4
WGD2ANC04121	5
WGD2ANC04122	7
WGD2ANC04123	7
WGD2ANC04124	4
WGD2ANC04125	6
WGD2ANC04126	4
WGD2ANC04127	7
WGD2ANC04128	10
WGD2ANC04129	7
WGD2ANC04130	4
WGD2ANC04131	7
WGD2ANC04132	7
WGD2ANC04133	4
WGD2ANC04134	7
WGD2ANC04135	4
WGD2ANC04136	6
WGD2ANC04137	6
WGD2ANC04138	6
WGD2ANC04139	6
WGD2ANC04140	7
WGD2ANC04141	4
WGD2ANC04142	4
WGD2ANC04143	7
WGD2ANC04144	7
WGD2ANC04145	4
WGD2ANC04146	10
WGD2ANC04147	6
WGD2ANC04148	6
WGD2ANC04149	4
WGD2ANC04150	7
WGD2ANC04151	4
WGD2ANC04152	5
WGD2ANC04153	7
WGD2ANC04154	6
WGD2ANC04155	4
WGD2ANC04156	4
WGD2ANC04157	5
WGD2ANC04158	7
WGD2ANC04159	3
WGD2ANC04160	3
WGD2ANC04161	5
WGD2ANC04162	13
WGD2ANC04163	8
WGD2ANC04164	13
WGD2ANC04165	4
WGD2ANC04166	7
WGD2ANC04167	5
WGD2ANC04168	6
WGD2ANC04169	7
WGD2ANC04170	10
WGD2ANC04171	2
WGD2ANC04172	4
WGD2ANC04173	11
WGD2ANC04174	11
WGD2ANC04175	7
WGD2ANC04176	4
WGD2ANC04177	7
WGD2ANC04178	6
WGD2ANC04179	12
WGD2ANC04180	7
WGD2ANC04181	7
WGD2ANC04182	5
WGD2ANC04183	4
WGD2ANC04184	7
WGD2ANC04185	12
WGD2ANC04186	6
WGD2ANC04187	10
WGD2ANC04188	4
WGD2ANC04189	4
WGD2ANC04190	9
WGD2ANC04191	12
WGD2ANC04192	5
WGD2ANC04193	6
WGD2ANC04194	12
WGD2ANC04195	9
WGD2ANC04196	6
WGD2ANC04197	2
WGD2ANC04198	7
WGD2ANC04199	4
WGD2ANC04200	7
WGD2ANC04201	5
WGD2ANC04202	5
WGD2ANC04203	7
WGD2ANC04204	4
WGD2ANC04205	5
WGD2ANC04206	6
WGD2ANC04207	4
WGD2ANC04208	7
WGD2ANC04209	7
WGD2ANC04210	5
WGD2ANC04211	6
WGD2ANC04212	7
WGD2ANC04213	9
WGD2ANC04214	3
WGD2ANC04215	5
WGD2ANC04216	4
WGD2ANC04217	13
WGD2ANC04218	4
WGD2ANC04219	8
WGD2ANC04220	10
WGD2ANC04221	4
WGD2ANC04222	7
WGD2ANC04223	6
WGD2ANC04224	10
WGD2ANC04225	7
WGD2ANC04226	7
WGD2ANC04227	12
WGD2ANC04228	10
WGD2ANC04229	7
WGD2ANC04230	6
WGD2ANC04231	4
WGD2ANC04232	7
WGD2ANC04233	7
WGD2ANC04234	7
WGD2ANC04235	7
WGD2ANC04236	6
WGD2ANC04237	5
WGD2ANC04238	7
WGD2ANC04239	5
WGD2ANC04240	5
WGD2ANC04241	5
WGD2ANC04242	5
WGD2ANC04243	6
WGD2ANC04244	7
WGD2ANC04245	9
WGD2ANC04246	4
WGD2ANC04247	12
WGD2ANC04248	8
WGD2ANC04249	4
WGD2ANC04250	4
WGD2ANC04251	5
WGD2ANC04252	7
WGD2ANC04253	6
WGD2ANC04254	4
WGD2ANC04255	7
WGD2ANC04256	4
WGD2ANC04257	7
WGD2ANC04258	7
WGD2ANC04259	7
WGD2ANC04260	4
WGD2ANC04261	7
WGD2ANC04262	10
WGD2ANC04263	4
WGD2ANC04264	12
WGD2ANC04265	4
WGD2ANC04266	6
WGD2ANC04267	10
WGD2ANC04268	4
WGD2ANC04269	6
WGD2ANC04270	7
WGD2ANC04271	7
WGD2ANC04272	4
WGD2ANC04273	4
WGD2ANC04274	9
WGD2ANC04275	4
WGD2ANC04276	2
WGD2ANC04277	6
WGD2ANC04278	4
WGD2ANC04279	4
WGD2ANC04280	7
WGD2ANC04281	7
WGD2ANC04282	4
WGD2ANC04283	5
WGD2ANC04284	7
WGD2ANC04285	2
WGD2ANC04286	4
WGD2ANC04287	6
WGD2ANC04288	5
WGD2ANC04289	6
WGD2ANC04290	7
WGD2ANC04291	2
WGD2ANC04292	5
WGD2ANC04293	7
WGD2ANC04294	7
WGD2ANC04295	4
WGD2ANC04296	12
WGD2ANC04297	7
WGD2ANC04298	6
WGD2ANC04299	5
WGD2ANC04300	4
WGD2ANC04301	4
WGD2ANC04302	11
WGD2ANC04303	7
WGD2ANC04304	6
WGD2ANC04305	6
WGD2ANC04306	5
WGD2ANC04307	7
WGD2ANC04308	7
WGD2ANC04309	7
WGD2ANC04310	6
WGD2ANC04311	4
WGD2ANC04312	5
WGD2ANC04313	6
WGD2ANC04314	7
WGD2ANC04315	7
WGD2ANC04316	4
WGD2ANC04317	4
WGD2ANC04318	7
WGD2ANC04319	8
WGD2ANC04320	6
WGD2ANC04321	7
WGD2ANC04322	10
WGD2ANC04323	12
WGD2ANC04324	5
WGD2ANC04325	4
WGD2ANC04326	4
WGD2ANC04327	7
WGD2ANC04328	9
WGD2ANC04329	4
WGD2ANC04330	4
WGD2ANC04331	9
WGD2ANC04332	10
WGD2ANC04333	7
WGD2ANC04334	12
WGD2ANC04335	7
WGD2ANC04336	7
WGD2ANC04337	11
WGD2ANC04338	7
WGD2ANC04339	9
WGD2ANC04340	4
WGD2ANC04341	11
WGD2ANC04342	8
WGD2ANC04343	13
WGD2ANC04344	9
WGD2ANC04345	6
WGD2ANC04346	12
WGD2ANC04347	2
WGD2ANC04348	5
WGD2ANC04349	7
WGD2ANC04350	7
WGD2ANC04351	4
WGD2ANC04352	10
WGD2ANC04353	7
WGD2ANC04354	5
WGD2ANC04355	4
WGD2ANC04356	9
WGD2ANC04357	7
WGD2ANC04358	4
WGD2ANC04359	13
WGD2ANC04360	4
WGD2ANC04361	9
WGD2ANC04362	13
WGD2ANC04363	4
WGD2ANC04364	7
WGD2ANC04365	7
WGD2ANC04366	12
WGD2ANC04367	4
WGD2ANC04368	3
WGD2ANC04369	8
WGD2ANC04370	7
WGD2ANC04371	7
WGD2ANC04372	4
WGD2ANC04373	5
WGD2ANC04374	4
WGD2ANC04375	4
WGD2ANC04376	5
WGD2ANC04377	7
WGD2ANC04378	11
WGD2ANC04379	7
WGD2ANC04380	6
WGD2ANC04381	7
WGD2ANC04382	7
WGD2ANC04383	5
WGD2ANC04384	7
WGD2ANC04385	7
WGD2ANC04386	9
WGD2ANC04387	6
WGD2ANC04388	4
WGD2ANC04389	7
WGD2ANC04390	7
WGD2ANC04391	6
WGD2ANC04392	7
WGD2ANC04393	10
WGD2ANC04394	4
WGD2ANC04395	7
WGD2ANC04396	4
WGD2ANC04397	9
WGD2ANC04398	6
WGD2ANC04399	11
WGD2ANC04400	11
WGD2ANC04401	11
WGD2ANC04402	8
WGD2ANC04403	6
WGD2ANC04404	5
WGD2ANC04405	7
WGD2ANC04406	13
WGD2ANC04407	5
WGD2ANC04408	9
WGD2ANC04409	6
WGD2ANC04410	4
WGD2ANC04411	5
WGD2ANC04412	6
WGD2ANC04413	4
WGD2ANC04414	7
WGD2ANC04415	13
WGD2ANC04416	7
WGD2ANC04417	6
WGD2ANC04418	6
WGD2ANC04419	7
WGD2ANC04420	7
WGD2ANC04421	6
WGD2ANC04422	6
WGD2ANC04423	7
WGD2ANC04424	7
WGD2ANC04425	6
WGD2ANC04426	5
WGD2ANC04427	7
WGD2ANC04428	6
WGD2ANC04429	5
WGD2ANC04430	3
WGD2ANC04431	7
WGD2ANC04432	4
WGD2ANC04433	5
WGD2ANC04434	9
WGD2ANC04435	4
WGD2ANC04436	7
WGD2ANC04437	7
WGD2ANC04438	6
WGD2ANC04439	6
WGD2ANC04440	4
WGD2ANC04441	7
WGD2ANC04442	4
WGD2ANC04443	7
WGD2ANC04444	6
WGD2ANC04445	7
WGD2ANC04446	4
WGD2ANC04447	10
WGD2ANC04448	4
WGD2ANC04449	9
WGD2ANC04450	6
WGD2ANC04451	4
WGD2ANC04452	7
WGD2ANC04453	6
WGD2ANC04454	7
WGD2ANC04455	4
WGD2ANC04456	7
WGD2ANC04457	5
WGD2ANC04458	4
WGD2ANC04459	9
WGD2ANC04460	7
WGD2ANC04461	4
WGD2ANC04462	7
WGD2ANC04463	4
WGD2ANC04464	4
WGD2ANC04465	4
WGD2ANC04466	4
WGD2ANC04467	4
WGD2ANC04468	7
WGD2ANC04469	4
WGD2ANC04470	7
WGD2ANC04471	9
WGD2ANC04472	5
WGD2ANC04473	10
WGD2ANC04474	6
WGD2ANC04475	7
WGD2ANC04476	12
WGD2ANC04477	11
WGD2ANC04478	9
WGD2ANC04479	2
WGD2ANC04480	6
WGD2ANC04481	6
WGD2ANC04482	3
WGD2ANC04483	12
WGD2ANC04484	4
WGD2ANC04485	4
WGD2ANC04486	7
WGD2ANC04487	4
WGD2ANC04488	4
WGD2ANC04489	4
WGD2ANC04490	13
WGD2ANC04491	7
WGD2ANC04492	7
WGD2ANC04493	4
WGD2ANC04494	10
WGD2ANC04495	6
WGD2ANC04496	7
WGD2ANC04497	6
WGD2ANC04498	10
WGD2ANC04499	4
WGD2ANC04500	4
WGD2ANC04501	7
WGD2ANC04502	7
WGD2ANC04503	7
WGD2ANC04504	5
WGD2ANC04505	10
WGD2ANC04506	7
WGD2ANC04507	8
WGD2ANC04508	7
WGD2ANC04509	3
WGD2ANC04510	7
WGD2ANC04511	7
WGD2ANC04512	10
WGD2ANC04513	6
WGD2ANC04514	12
WGD2ANC04515	6
WGD2ANC04516	4
WGD2ANC04517	10
WGD2ANC04518	7
WGD2ANC04519	5
WGD2ANC04520	8
WGD2ANC04521	7
WGD2ANC04522	6
WGD2ANC04523	4
WGD2ANC04524	3
WGD2ANC04525	7
WGD2ANC04526	7
WGD2ANC04527	11
WGD2ANC04528	4
WGD2ANC04529	6
WGD2ANC04530	9
WGD2ANC04531	7
WGD2ANC04532	4
WGD2ANC04533	9
WGD2ANC04534	10
WGD2ANC04535	5
WGD2ANC04536	3
WGD2ANC04537	7
WGD2ANC04538	7
WGD2ANC04539	7
WGD2ANC04540	6
WGD2ANC04541	10
WGD2ANC04542	4
WGD2ANC04543	6
WGD2ANC04544	5
WGD2ANC04545	6
WGD2ANC04546	7
WGD2ANC04547	5
WGD2ANC04548	3
WGD2ANC04549	6
WGD2ANC04550	4
WGD2ANC04551	7
WGD2ANC04552	5
WGD2ANC04553	7
WGD2ANC04554	7
WGD2ANC04555	7
WGD2ANC04556	7
WGD2ANC04557	8
WGD2ANC04558	6
WGD2ANC04559	7
WGD2ANC04560	4
WGD2ANC04561	7
WGD2ANC04562	4
WGD2ANC04563	7
WGD2ANC04564	5
WGD2ANC04565	4
WGD2ANC04566	4
WGD2ANC04567	4
WGD2ANC04568	5
WGD2ANC04569	7
WGD2ANC04570	7
WGD2ANC04571	6
WGD2ANC04572	4
WGD2ANC04573	6
WGD2ANC04574	7
WGD2ANC04575	13
WGD2ANC04576	4
WGD2ANC04577	4
WGD2ANC04578	7
WGD2ANC04579	4
WGD2ANC04580	7
WGD2ANC04581	10
WGD2ANC04582	11
WGD2ANC04583	4
WGD2ANC04584	12
WGD2ANC04585	10
WGD2ANC04586	6
WGD2ANC04587	7
WGD2ANC04588	5
WGD2ANC04589	7
WGD2ANC04590	11
WGD2ANC04591	4
WGD2ANC04592	7
WGD2ANC04593	4
WGD2ANC04594	5
WGD2ANC04595	6
WGD2ANC04596	9
WGD2ANC04597	7
WGD2ANC04598	6
WGD2ANC04599	7
WGD2ANC04600	7
WGD2ANC04601	4
WGD2ANC04602	7
WGD2ANC04603	7
WGD2ANC04604	7
WGD2ANC04605	7
WGD2ANC04606	7
WGD2ANC04607	4
WGD2ANC04608	5
WGD2ANC04609	6
WGD2ANC04610	5
WGD2ANC04611	9
WGD2ANC04612	7
WGD2ANC04613	6
WGD2ANC04614	7
WGD2ANC04615	4
WGD2ANC04616	10
WGD2ANC04617	6
WGD2ANC04618	8
WGD2ANC04619	13
WGD2ANC04620	5
WGD2ANC04621	4
WGD2ANC04622	7
WGD2ANC04623	4
WGD2ANC04624	4
WGD2ANC04625	6
WGD2ANC04626	6
WGD2ANC04627	7
WGD2ANC04628	4
WGD2ANC04629	6
WGD2ANC04630	6
WGD2ANC04631	4
WGD2ANC04632	11
WGD2ANC04633	7
WGD2ANC04634	4
WGD2ANC04635	4
WGD2ANC04636	10
WGD2ANC04637	7
WGD2ANC04638	6
WGD2ANC04639	7
WGD2ANC04640	7
WGD2ANC04641	5
WGD2ANC04642	10
WGD2ANC04643	4
WGD2ANC04644	12
WGD2ANC04645	4
WGD2ANC04646	6
WGD2ANC04647	8
WGD2ANC04648	7
WGD2ANC04649	12
WGD2ANC04650	12
WGD2ANC04651	7
WGD2ANC04652	12
WGD2ANC04653	7
WGD2ANC04654	10
WGD2ANC04655	12
WGD2ANC04656	7
WGD2ANC04657	7
WGD2ANC04658	2
WGD2ANC04659	7
WGD2ANC04660	13
WGD2ANC04661	4
WGD2ANC04662	7
WGD2ANC04663	7
WGD2ANC04664	7
WGD2ANC04665	7
WGD2ANC04666	8
WGD2ANC04667	5
WGD2ANC04668	4
WGD2ANC04669	7
WGD2ANC04670	6
WGD2ANC04671	4
WGD2ANC04672	4
WGD2ANC04673	6
WGD2ANC04674	7
WGD2ANC04675	7
WGD2ANC04676	5
WGD2ANC04677	10
WGD2ANC04678	4
WGD2ANC04679	7
WGD2ANC04680	7
WGD2ANC04681	5
WGD2ANC04682	7
WGD2ANC04683	7
WGD2ANC04684	7
WGD2ANC04685	7
WGD2ANC04686	7
WGD2ANC04687	7
WGD2ANC04688	7
WGD2ANC04689	7
WGD2ANC04690	7
WGD2ANC04691	7
WGD2ANC04692	10
WGD2ANC04693	7
WGD2ANC04694	6
WGD2ANC04695	7
WGD2ANC04696	6
WGD2ANC04697	9
WGD2ANC04698	2
WGD2ANC04699	7
WGD2ANC04700	4
WGD2ANC04701	8
WGD2ANC04702	6
WGD2ANC04703	5
WGD2ANC04704	7
WGD2ANC04705	5
WGD2ANC04706	4
WGD2ANC04707	5
WGD2ANC04708	7
WGD2ANC04709	6
WGD2ANC04710	4
WGD2ANC04711	10
WGD2ANC04712	7
WGD2ANC04713	7
WGD2ANC04714	7
WGD2ANC04715	7
WGD2ANC04716	6
WGD2ANC04717	6
WGD2ANC04718	7
WGD2ANC04719	7
WGD2ANC04720	6
WGD2ANC04721	6
WGD2ANC04722	7
WGD2ANC04723	7
WGD2ANC04724	4
WGD2ANC04725	6
WGD2ANC04726	6
WGD2ANC04727	12
WGD2ANC04728	10
WGD2ANC04729	9
WGD2ANC04730	12
WGD2ANC04731	4
WGD2ANC04732	7
WGD2ANC04733	10
WGD2ANC04734	13
WGD2ANC04735	6
WGD2ANC04736	4
WGD2ANC04737	4
WGD2ANC04738	7
WGD2ANC04739	7
WGD2ANC04740	7
WGD2ANC04741	6
WGD2ANC04742	6
WGD2ANC04743	10
WGD2ANC04744	7
WGD2ANC04745	11
WGD2ANC04746	6
WGD2ANC04747	6
WGD2ANC04748	6
WGD2ANC04749	13
WGD2ANC04750	4
WGD2ANC04751	7
WGD2ANC04752	6
WGD2ANC04753	10
WGD2ANC04754	7
WGD2ANC04755	7
WGD2ANC04756	6
WGD2ANC04757	11
WGD2ANC04758	5
WGD2ANC04759	4
WGD2ANC04760	6
WGD2ANC04761	6
WGD2ANC04762	7
WGD2ANC04763	7
WGD2ANC04764	7
WGD2ANC04765	9
WGD2ANC04766	9
WGD2ANC04767	6
WGD2ANC04768	5
WGD2ANC04769	7
WGD2ANC04770	10
WGD2ANC04771	4
WGD2ANC04772	5
WGD2ANC04773	6
WGD2ANC04774	4
WGD2ANC04775	4
WGD2ANC04776	7
WGD2ANC04777	7
WGD2ANC04778	11
WGD2ANC04779	7
WGD2ANC04780	7
WGD2ANC04781	6
WGD2ANC04782	9
WGD2ANC04783	11
WGD2ANC04784	7
WGD2ANC04785	7
WGD2ANC04786	5
WGD2ANC04787	7
WGD2ANC04788	4
WGD2ANC04789	7
WGD2ANC04790	7
WGD2ANC04791	6
WGD2ANC04792	7
WGD2ANC04793	5
WGD2ANC04794	7
WGD2ANC04795	5
WGD2ANC04796	7
WGD2ANC04797	7
WGD2ANC04798	5
WGD2ANC04799	5
WGD2ANC04800	6
WGD2ANC04801	4
WGD2ANC04802	7
WGD2ANC04803	7
WGD2ANC04804	12
WGD2ANC04805	6
WGD2ANC04806	8
WGD2ANC04807	7
WGD2ANC04808	4
WGD2ANC04809	7
WGD2ANC04810	4
WGD2ANC04811	6
WGD2ANC04812	5
WGD2ANC04813	4
WGD2ANC04814	7
WGD2ANC04815	12
WGD2ANC04816	5
WGD2ANC04817	7
WGD2ANC04818	5
WGD2ANC04819	4
WGD2ANC04820	8
WGD2ANC04821	6
WGD2ANC04822	7
WGD2ANC04823	7
WGD2ANC04824	4
WGD2ANC04825	5
WGD2ANC04826	7
WGD2ANC04827	7
WGD2ANC04828	6
WGD2ANC04829	7
WGD2ANC04830	5
WGD2ANC04831	6
WGD2ANC04832	4
WGD2ANC04833	4
WGD2ANC04834	7
WGD2ANC04835	4
WGD2ANC04836	4
WGD2ANC04837	6
WGD2ANC04838	5
WGD2ANC04839	4
WGD2ANC04840	4
WGD2ANC04841	7
WGD2ANC04842	7
WGD2ANC04843	7
WGD2ANC04844	7
WGD2ANC04845	6
WGD2ANC04846	6
WGD2ANC04847	6
WGD2ANC04848	4
WGD2ANC04849	6
WGD2ANC04850	4
WGD2ANC04851	5
WGD2ANC04852	6
WGD2ANC04853	5
WGD2ANC04854	4
WGD2ANC04855	4
WGD2ANC04856	7
WGD2ANC04857	8
WGD2ANC04858	7
WGD2ANC04859	5
WGD2ANC04860	12
WGD2ANC04861	6
WGD2ANC04862	6
WGD2ANC04863	4
WGD2ANC04864	5
WGD2ANC04865	2
WGD2ANC04866	4
WGD2ANC04867	7
WGD2ANC04868	6
WGD2ANC04869	7
WGD2ANC04870	6
WGD2ANC04871	3
WGD2ANC04872	6
WGD2ANC04873	3
WGD2ANC04874	7
WGD2ANC04875	7
WGD2ANC04876	4
WGD2ANC04877	6
WGD2ANC04878	5
WGD2ANC04879	9
WGD2ANC04880	5
WGD2ANC04881	4
WGD2ANC04882	7
WGD2ANC04883	7
WGD2ANC04884	7
WGD2ANC04885	6
WGD2ANC04886	7
WGD2ANC04887	6
WGD2ANC04888	12
WGD2ANC04889	8
WGD2ANC04890	8
WGD2ANC04891	6
WGD2ANC04892	7
WGD2ANC04893	4
WGD2ANC04894	7
WGD2ANC04895	6
WGD2ANC04896	5
WGD2ANC04897	11
WGD2ANC04898	7
WGD2ANC04899	5
WGD2ANC04900	7
WGD2ANC04901	4
WGD2ANC04902	7
WGD2ANC04903	7
WGD2ANC04904	7
WGD2ANC04905	6
WGD2ANC04906	4
WGD2ANC04907	6
WGD2ANC04908	4
WGD2ANC04909	6
WGD2ANC04910	5
WGD2ANC04911	4
WGD2ANC04912	3
WGD2ANC04913	6
WGD2ANC04914	8
WGD2ANC04915	7
WGD2ANC04916	5
WGD2ANC04917	10
WGD2ANC04918	4
WGD2ANC04919	6
WGD2ANC04920	12
WGD2ANC04921	4
WGD2ANC04922	4
WGD2ANC04923	6
WGD2ANC04924	3
WGD2ANC04925	7
WGD2ANC04926	11
WGD2ANC04927	4
WGD2ANC04928	7
WGD2ANC04929	6
WGD2ANC04930	4
WGD2ANC04931	13
WGD2ANC04932	10
WGD2ANC04933	5
WGD2ANC04934	7
WGD2ANC04935	11
WGD2ANC04936	6
WGD2ANC04937	2
WGD2ANC04938	4
WGD2ANC04939	11
WGD2ANC04940	7
WGD2ANC04941	3
WGD2ANC04942	6
WGD2ANC04943	7
WGD2ANC04944	7
WGD2ANC04945	8
WGD2ANC04946	11
WGD2ANC04947	4
WGD2ANC04948	7
WGD2ANC04949	6
WGD2ANC04950	4
WGD2ANC04951	4
WGD2ANC04952	5
WGD2ANC04953	7
WGD2ANC04954	7
WGD2ANC04955	7
WGD2ANC04956	7
WGD2ANC04957	6
WGD2ANC04958	7
WGD2ANC04959	7
WGD2ANC04960	5
WGD2ANC04961	12
WGD2ANC04962	9
WGD2ANC04963	4
WGD2ANC04964	12
WGD2ANC04965	7
WGD2ANC04966	4
WGD2ANC04967	7
WGD2ANC04968	8
WGD2ANC04969	10
WGD2ANC04970	4
WGD2ANC04971	6
WGD2ANC04972	4
WGD2ANC04973	13
WGD2ANC04974	6
WGD2ANC04975	10
WGD2ANC04976	7
WGD2ANC04977	7
WGD2ANC04978	10
WGD2ANC04979	4
WGD2ANC04980	7
WGD2ANC04981	5
WGD2ANC04982	7
WGD2ANC04983	10
WGD2ANC04984	7
WGD2ANC04985	5
WGD2ANC04986	6
WGD2ANC04987	7
WGD2ANC04988	7
WGD2ANC04989	10
WGD2ANC04990	7
WGD2ANC04991	5
WGD2ANC04992	5
WGD2ANC04993	12
WGD2ANC04994	7
WGD2ANC04995	12
WGD2ANC04996	4
WGD2ANC04997	5
WGD2ANC04998	4
WGD2ANC04999	4
WGD2ANC05000	13
WGD2ANC05001	6
WGD2ANC05002	10
WGD2ANC05003	7
WGD2ANC05004	7
WGD2ANC05005	11
WGD2ANC05006	7
WGD2ANC05007	6
WGD2ANC05008	4
WGD2ANC05009	4
WGD2ANC05010	9
WGD2ANC05011	7
WGD2ANC05012	12
WGD2ANC05013	10
WGD2ANC05014	9
WGD2ANC05015	7
WGD2ANC05016	5
WGD2ANC05017	4
WGD2ANC05018	6
WGD2ANC05019	5
WGD2ANC05020	5
WGD2ANC05021	6
WGD2ANC05022	4
WGD2ANC05023	7
WGD2ANC05024	6
WGD2ANC05025	6
WGD2ANC05026	7
WGD2ANC05027	7
WGD2ANC05028	4
WGD2ANC05029	7
WGD2ANC05030	5
WGD2ANC05031	7
WGD2ANC05032	7
WGD2ANC05033	4
WGD2ANC05034	7
WGD2ANC05035	3
WGD2ANC05036	7
WGD2ANC05037	7
WGD2ANC05038	7
WGD2ANC05039	4
WGD2ANC05040	3
WGD2ANC05041	7
WGD2ANC05042	4
WGD2ANC05043	8
WGD2ANC05044	6
WGD2ANC05045	12
WGD2ANC05046	5
WGD2ANC05047	7
WGD2ANC05048	6
WGD2ANC05049	11
WGD2ANC05050	6
WGD2ANC05051	6
WGD2ANC05052	7
WGD2ANC05053	9
WGD2ANC05054	7
WGD2ANC05055	10
WGD2ANC05056	3
WGD2ANC05057	6
WGD2ANC05058	9
WGD2ANC05059	5
WGD2ANC05060	4
WGD2ANC05061	5
WGD2ANC05062	12
WGD2ANC05063	5
WGD2ANC05064	7
WGD2ANC05065	8
WGD2ANC05066	10
WGD2ANC05067	5
WGD2ANC05068	4
WGD2ANC05069	7
WGD2ANC05070	5
WGD2ANC05071	10
WGD2ANC05072	6
WGD2ANC05073	7
WGD2ANC05074	4
WGD2ANC05075	4
WGD2ANC05076	4
WGD2ANC05077	6
WGD2ANC05078	7
WGD2ANC05079	7
WGD2ANC05080	7
WGD2ANC05081	7
WGD2ANC05082	6
WGD2ANC05083	3
WGD2ANC05084	7
WGD2ANC05085	4
WGD2ANC05086	11
WGD2ANC05087	4
WGD2ANC05088	6
WGD2ANC05089	7
WGD2ANC05090	7
WGD2ANC05091	3
WGD2ANC05092	4
WGD2ANC05093	5
WGD2ANC05094	4
WGD2ANC05095	5
WGD2ANC05096	4
WGD2ANC05097	7
WGD2ANC05098	2
WGD2ANC05099	6
WGD2ANC05100	5
WGD2ANC05101	4
WGD2ANC05102	7
WGD2ANC05103	7
WGD2ANC05104	6
WGD2ANC05105	5
WGD2ANC05106	4
WGD2ANC05107	11
WGD2ANC05108	4
WGD2ANC05109	9
WGD2ANC05110	6
WGD2ANC05111	7
WGD2ANC05112	12
WGD2ANC05113	7
WGD2ANC05114	6
WGD2ANC05115	6
WGD2ANC05116	4
WGD2ANC05117	7
WGD2ANC05118	4
WGD2ANC05119	7
WGD2ANC05120	11
WGD2ANC05121	12
WGD2ANC05122	5
WGD2ANC05123	7
WGD2ANC05124	6
WGD2ANC05125	6
WGD2ANC05126	7
WGD2ANC05127	5
WGD2ANC05128	4
WGD2ANC05129	7
WGD2ANC05130	8
WGD2ANC05131	6
WGD2ANC05132	9
WGD2ANC05133	5
WGD2ANC05134	7
WGD2ANC05135	7
WGD2ANC05136	7
WGD2ANC05137	7
WGD2ANC05138	5
WGD2ANC05139	6
WGD2ANC05140	6
WGD2ANC05141	7
WGD2ANC05142	4
WGD2ANC05143	4
WGD2ANC05144	6
WGD2ANC05145	6
WGD2ANC05146	6
WGD2ANC05147	4
WGD2ANC05148	4
WGD2ANC05149	6
WGD2ANC05150	7
WGD2ANC05151	7
WGD2ANC05152	3
WGD2ANC05153	5
WGD2ANC05154	5
WGD2ANC05155	8
WGD2ANC05156	7
WGD2ANC05157	7
WGD2ANC05158	7
WGD2ANC05159	13
WGD2ANC05160	7
WGD2ANC05161	8
WGD2ANC05162	9
WGD2ANC05163	7
WGD2ANC05164	6
WGD2ANC05165	10
WGD2ANC05166	4
WGD2ANC05167	13
WGD2ANC05168	6
WGD2ANC05169	8
WGD2ANC05170	9
WGD2ANC05171	7
WGD2ANC05172	8
WGD2ANC05173	7
WGD2ANC05174	4
WGD2ANC05175	9
WGD2ANC05176	7
WGD2ANC05177	13
WGD2ANC05178	7
WGD2ANC05179	4
WGD2ANC05180	4
WGD2ANC05181	6
WGD2ANC05182	7
WGD2ANC05183	7
WGD2ANC05184	6
WGD2ANC05185	6
WGD2ANC05186	7
WGD2ANC05187	10
WGD2ANC05188	9
WGD2ANC05189	4
WGD2ANC05190	11
WGD2ANC05191	7
WGD2ANC05192	7
WGD2ANC05193	5
WGD2ANC05194	4
WGD2ANC05195	7
WGD2ANC05196	7
WGD2ANC05197	6
WGD2ANC05198	5
WGD2ANC05199	9
WGD2ANC05200	11
WGD2ANC05201	4
WGD2ANC05202	4
WGD2ANC05203	7
WGD2ANC05204	7
WGD2ANC05205	4
WGD2ANC05206	7
WGD2ANC05207	8
WGD2ANC05208	7
WGD2ANC05209	7
WGD2ANC05210	5
WGD2ANC05211	12
WGD2ANC05212	9
WGD2ANC05213	7
WGD2ANC05214	6
WGD2ANC05215	7
WGD2ANC05216	5
WGD2ANC05217	13
WGD2ANC05218	9
WGD2ANC05219	12
WGD2ANC05220	4
WGD2ANC05221	6
WGD2ANC05222	10
WGD2ANC05223	7
WGD2ANC05224	4
WGD2ANC05225	7
WGD2ANC05226	7
WGD2ANC05227	11
WGD2ANC05228	4
WGD2ANC05229	7
WGD2ANC05230	6
WGD2ANC05231	7
WGD2ANC05232	12
WGD2ANC05233	6
WGD2ANC05234	4
WGD2ANC05235	5
WGD2ANC05236	7
WGD2ANC05237	6
WGD2ANC05238	7
WGD2ANC05239	7
WGD2ANC05240	7
WGD2ANC05241	12
WGD2ANC05242	10
WGD2ANC05243	9
WGD2ANC05244	3
WGD2ANC05245	6
WGD2ANC05246	6
WGD2ANC05247	5
WGD2ANC05248	9
WGD2ANC05249	3
WGD2ANC05250	7
WGD2ANC05251	8
WGD2ANC05252	7
WGD2ANC05253	13
WGD2ANC05254	7
WGD2ANC05255	7
WGD2ANC05256	10
WGD2ANC05257	7
WGD2ANC05258	5
WGD2ANC05259	5
WGD2ANC05260	5
WGD2ANC05261	4
WGD2ANC05262	6
WGD2ANC05263	6
WGD2ANC05264	10
WGD2ANC05265	4
WGD2ANC05266	4
WGD2ANC05267	7
WGD2ANC05268	11
WGD2ANC05269	7
WGD2ANC05270	6
WGD2ANC05271	12
WGD2ANC05272	7
WGD2ANC05273	6
WGD2ANC05274	4
WGD2ANC05275	4
WGD2ANC05276	7
WGD2ANC05277	11
WGD2ANC05278	5
WGD2ANC05279	4
WGD2ANC05280	6
WGD2ANC05281	3
WGD2ANC05282	7
WGD2ANC05283	11
WGD2ANC05284	7
WGD2ANC05285	3
WGD2ANC05286	6
WGD2ANC05287	11
WGD2ANC05288	13
WGD2ANC05289	6
WGD2ANC05290	4
WGD2ANC05291	13
WGD2ANC05292	7
WGD2ANC05293	7
WGD2ANC05294	8
WGD2ANC05295	7
WGD2ANC05296	13
WGD2ANC05297	7
WGD2ANC05298	12
WGD2ANC05299	7
WGD2ANC05300	13
WGD2ANC05301	4
WGD2ANC05302	4
WGD2ANC05303	7
WGD2ANC05304	6
WGD2ANC05305	5
WGD2ANC05306	6
WGD2ANC05307	4
WGD2ANC05308	7
WGD2ANC05309	13
WGD2ANC05310	4
WGD2ANC05311	12
WGD2ANC05312	11
WGD2ANC05313	7
WGD2ANC05314	13
WGD2ANC05315	2
WGD2ANC05316	6
WGD2ANC05317	11
WGD2ANC05318	13
WGD2ANC05319	7
WGD2ANC05320	6
WGD2ANC05321	12
WGD2ANC05322	7
WGD2ANC05323	11
WGD2ANC05324	10
WGD2ANC05325	5
WGD2ANC05326	7
WGD2ANC05327	6
WGD2ANC05328	13
WGD2ANC05329	13
WGD2ANC05330	7
WGD2ANC05331	7
WGD2ANC05332	6
WGD2ANC05333	10
WGD2ANC05334	7
WGD2ANC05335	4
WGD2ANC05336	6
WGD2ANC05337	6
WGD2ANC05338	7
WGD2ANC05339	4
WGD2ANC05340	6
WGD2ANC05341	7
WGD2ANC05342	7
WGD2ANC05343	4
WGD2ANC05344	4
WGD2ANC05345	8
WGD2ANC05346	7
WGD2ANC05347	7
WGD2ANC05348	4
WGD2ANC05349	4
WGD2ANC05350	4
WGD2ANC05351	4
WGD2ANC05352	4
WGD2ANC05353	4
WGD2ANC05354	6
WGD2ANC05355	9
WGD2ANC05356	7
WGD2ANC05357	6
WGD2ANC05358	7
WGD2ANC05359	11
WGD2ANC05360	5
WGD2ANC05361	7
WGD2ANC05362	7
WGD2ANC05363	13
WGD2ANC05364	6
WGD2ANC05365	11
WGD2ANC05366	7
WGD2ANC05367	7
WGD2ANC05368	13
WGD2ANC05369	4
WGD2ANC05370	6
WGD2ANC05371	4
WGD2ANC05372	4
WGD2ANC05373	4
WGD2ANC05374	5
WGD2ANC05375	8
WGD2ANC05376	9
WGD2ANC05377	7
WGD2ANC05378	7
WGD2ANC05379	12
WGD2ANC05380	6
WGD2ANC05381	7
WGD2ANC05382	10
WGD2ANC05383	4
WGD2ANC05384	7
WGD2ANC05385	13
WGD2ANC05386	6
WGD2ANC05387	4
WGD2ANC05388	7
WGD2ANC05389	6
WGD2ANC05390	7
WGD2ANC05391	13
WGD2ANC05392	8
WGD2ANC05393	9
WGD2ANC05394	3
WGD2ANC05395	7
WGD2ANC05396	4
WGD2ANC05397	7
WGD2ANC05398	7
WGD2ANC05399	6
WGD2ANC05400	7
WGD2ANC05401	6
WGD2ANC05402	7
WGD2ANC05403	6
WGD2ANC05404	6
WGD2ANC05405	7
WGD2ANC05406	6
WGD2ANC05407	4
WGD2ANC05408	7
WGD2ANC05409	5
WGD2ANC05410	13
WGD2ANC05411	7
WGD2ANC05412	4
WGD2ANC05413	5
WGD2ANC05414	11
WGD2ANC05415	13
WGD2ANC05416	6
WGD2ANC05417	10
WGD2ANC05418	5
WGD2ANC05419	5
WGD2ANC05420	6
WGD2ANC05421	10
WGD2ANC05422	6
WGD2ANC05423	4
WGD2ANC05424	7
WGD2ANC05425	7
WGD2ANC05426	6
WGD2ANC05427	4
WGD2ANC05428	10
WGD2ANC05429	10
WGD2ANC05430	7
WGD2ANC05431	6
WGD2ANC05432	7
WGD2ANC05433	6
WGD2ANC05434	7
WGD2ANC05435	7
WGD2ANC05436	7
WGD2ANC05437	4
WGD2ANC05438	9
WGD2ANC05439	6
WGD2ANC05440	7
WGD2ANC05441	6
WGD2ANC05442	9
WGD2ANC05443	5
WGD2ANC05444	6
WGD2ANC05445	5
WGD2ANC05446	11
WGD2ANC05447	7
WGD2ANC05448	3
WGD2ANC05449	6
WGD2ANC05450	6
WGD2ANC05451	7
WGD2ANC05452	4
WGD2ANC05453	10
WGD2ANC05454	6
WGD2ANC05455	7
WGD2ANC05456	6
WGD2ANC05457	7
WGD2ANC05458	5
WGD2ANC05459	4
WGD2ANC05460	7
WGD2ANC05461	7
WGD2ANC05462	5
WGD2ANC05463	7
WGD2ANC05464	7
WGD2ANC05465	5
WGD2ANC05466	6
WGD2ANC05467	7
WGD2ANC05468	11
WGD2ANC05469	7
WGD2ANC05470	2
WGD2ANC05471	9
WGD2ANC05472	7
WGD2ANC05473	12
WGD2ANC05474	4
WGD2ANC05475	10
WGD2ANC05476	7
WGD2ANC05477	4
WGD2ANC05478	7
WGD2ANC05479	12
WGD2ANC05480	6
WGD2ANC05481	7
WGD2ANC05482	7
WGD2ANC05483	7
WGD2ANC05484	4
WGD2ANC05485	4
WGD2ANC05486	7
WGD2ANC05487	4
WGD2ANC05488	4
WGD2ANC05489	7
WGD2ANC05490	6
WGD2ANC05491	5
WGD2ANC05492	3
WGD2ANC05493	7
WGD2ANC05494	7
WGD2ANC05495	5
WGD2ANC05496	11
WGD2ANC05497	6
WGD2ANC05498	4
WGD2ANC05499	4
WGD2ANC05500	7
WGD2ANC05501	5
WGD2ANC05502	7
WGD2ANC05503	4
WGD2ANC05504	7
WGD2ANC05505	7
WGD2ANC05506	7
WGD2ANC05507	12
WGD2ANC05508	12
WGD2ANC05509	7
WGD2ANC05510	9
WGD2ANC05511	4
WGD2ANC05512	4
WGD2ANC05513	7
WGD2ANC05514	13
WGD2ANC05515	5
WGD2ANC05516	7
WGD2ANC05517	6
WGD2ANC05518	10
WGD2ANC05519	7
WGD2ANC05520	7
WGD2ANC05521	7
WGD2ANC05522	5
WGD2ANC05523	5
WGD2ANC05524	7
WGD2ANC05525	13
WGD2ANC05526	7
WGD2ANC05527	12
WGD2ANC05528	5
WGD2ANC05529	7
WGD2ANC05530	3
WGD2ANC05531	4
WGD2ANC05532	6
WGD2ANC05533	4
WGD2ANC05534	4
WGD2ANC05535	4
WGD2ANC05536	6
WGD2ANC05537	9
WGD2ANC05538	7
WGD2ANC05539	4
WGD2ANC05540	4
WGD2ANC05541	5
WGD2ANC05542	8
WGD2ANC05543	6
WGD2ANC05544	4
WGD2ANC05545	4
WGD2ANC05546	4
WGD2ANC05547	6
WGD2ANC05548	7
WGD2ANC05549	4
WGD2ANC05550	4
WGD2ANC05551	10
WGD2ANC05552	6
WGD2ANC05553	7
WGD2ANC05554	4
WGD2ANC05555	5
WGD2ANC05556	7
WGD2ANC05557	4
WGD2ANC05558	10
WGD2ANC05559	3
WGD2ANC05560	7
WGD2ANC05561	9
WGD2ANC05562	13
WGD2ANC05563	4
WGD2ANC05564	7
WGD2ANC05565	11
WGD2ANC05566	9
WGD2ANC05567	7
WGD2ANC05568	11
WGD2ANC05569	6
WGD2ANC05570	8
WGD2ANC05571	4
WGD2ANC05572	7
WGD2ANC05573	5
WGD2ANC05574	7
WGD2ANC05575	4
WGD2ANC05576	7
WGD2ANC05577	5
WGD2ANC05578	7
WGD2ANC05579	4
WGD2ANC05580	6
WGD2ANC05581	7
WGD2ANC05582	5
WGD2ANC05583	6
WGD2ANC05584	5
WGD2ANC05585	6
WGD2ANC05586	9
WGD2ANC05587	8
WGD2ANC05588	7
WGD2ANC05589	4
WGD2ANC05590	7
WGD2ANC05591	7
WGD2ANC05592	6
WGD2ANC05593	9
WGD2ANC05594	8
WGD2ANC05595	7
WGD2ANC05596	13
WGD2ANC05597	7
WGD2ANC05598	5
WGD2ANC05599	6
WGD2ANC05600	7
WGD2ANC05601	7
WGD2ANC05602	10
WGD2ANC05603	5
WGD2ANC05604	5
WGD2ANC05605	4
WGD2ANC05606	7
WGD2ANC05607	3
WGD2ANC05608	7
WGD2ANC05609	6
WGD2ANC05610	7
WGD2ANC05611	5
WGD2ANC05612	7
WGD2ANC05613	4
WGD2ANC05614	9
WGD2ANC05615	7
WGD2ANC05616	5
WGD2ANC05617	11
WGD2ANC05618	7
WGD2ANC05619	7
WGD2ANC05620	4
WGD2ANC05621	4
WGD2ANC05622	6
WGD2ANC05623	4
WGD2ANC05624	7
WGD2ANC05625	7
WGD2ANC05626	5
WGD2ANC05627	13
WGD2ANC05628	4
WGD2ANC05629	13
WGD2ANC05630	4
WGD2ANC05631	8
WGD2ANC05632	7
WGD2ANC05633	4
WGD2ANC05634	10
WGD2ANC05635	10
WGD2ANC05636	6
WGD2ANC05637	12
WGD2ANC05638	4
WGD2ANC05639	9
WGD2ANC05640	7
WGD2ANC05641	7
WGD2ANC05642	2
WGD2ANC05643	7
WGD2ANC05644	11
WGD2ANC05645	10
WGD2ANC05646	4
WGD2ANC05647	7
WGD2ANC05648	5
WGD2ANC05649	7
WGD2ANC05650	9
WGD2ANC05651	8
WGD2ANC05652	6
WGD2ANC05653	5
WGD2ANC05654	11
WGD2ANC05655	10
WGD2ANC05656	7
WGD2ANC05657	10
WGD2ANC05658	7
WGD2ANC05659	5
WGD2ANC05660	8
WGD2ANC05661	6
WGD2ANC05662	5
WGD2ANC05663	6
WGD2ANC05664	7
WGD2ANC05665	4
WGD2ANC05666	7
WGD2ANC05667	6
WGD2ANC05668	7
WGD2ANC05669	7
WGD2ANC05670	6
WGD2ANC05671	6
WGD2ANC05672	4
WGD2ANC05673	6
WGD2ANC05674	9
WGD2ANC05675	6
WGD2ANC05676	7
WGD2ANC05677	7
WGD2ANC05678	6
WGD2ANC05679	6
WGD2ANC05680	9
WGD2ANC05681	10
WGD2ANC05682	10
WGD2ANC05683	6
WGD2ANC05684	5
WGD2ANC05685	7
WGD2ANC05686	4
WGD2ANC05687	4
WGD2ANC05688	4
WGD2ANC05689	7
WGD2ANC05690	4
WGD2ANC05691	5
WGD2ANC05692	6
WGD2ANC05693	6
WGD2ANC05694	4
WGD2ANC05695	4
WGD2ANC05696	4
WGD2ANC05697	7
WGD2ANC05698	4
WGD2ANC05699	13
WGD2ANC05700	7
WGD2ANC05701	4
WGD2ANC05702	7
WGD2ANC05703	4
WGD2ANC05704	11
WGD2ANC05705	4
WGD2ANC05706	7
WGD2ANC05707	4
WGD2ANC05708	6
WGD2ANC05709	7
WGD2ANC05710	12
WGD2ANC05711	6
WGD2ANC05712	4
WGD2ANC05713	10
WGD2ANC05714	5
WGD2ANC05715	7
WGD2ANC05716	5
WGD2ANC05717	6
WGD2ANC05718	11
WGD2ANC05719	7
WGD2ANC05720	5
WGD2ANC05721	13
WGD2ANC05722	6
WGD2ANC05723	4
WGD2ANC05724	11
WGD2ANC05725	6
WGD2ANC05726	9
WGD2ANC05727	4
WGD2ANC05728	4
WGD2ANC05729	4
WGD2ANC05730	5
WGD2ANC05731	7
WGD2ANC05732	4
WGD2ANC05733	7
WGD2ANC05734	7
WGD2ANC05735	6
WGD2ANC05736	7
WGD2ANC05737	12
WGD2ANC05738	7
WGD2ANC05739	4
WGD2ANC05740	13
WGD2ANC05741	6
WGD2ANC05742	6
WGD2ANC05743	10
WGD2ANC05744	5
WGD2ANC05745	4
WGD2ANC05746	7
WGD2ANC05747	5
WGD2ANC05748	4
WGD2ANC05749	4
WGD2ANC05750	6
WGD2ANC05751	8
WGD2ANC05752	4
WGD2ANC05753	7
WGD2ANC05754	5
WGD2ANC05755	7
WGD2ANC05756	7
WGD2ANC05757	4
WGD2ANC05758	4
WGD2ANC05759	7
WGD2ANC05760	11
WGD2ANC05761	5
WGD2ANC05762	6
WGD2ANC05763	7
WGD2ANC05764	4
WGD2ANC05765	4
WGD2ANC05766	5
WGD2ANC05767	6
WGD2ANC05768	12
WGD2ANC05769	4
WGD2ANC05770	7
WGD2ANC05771	7
WGD2ANC05772	5
WGD2ANC05773	12
WGD2ANC05774	7
WGD2ANC05775	7
WGD2ANC05776	4
WGD2ANC05777	2
WGD2ANC05778	7
WGD2ANC05779	6
WGD2ANC05780	5
WGD2ANC05781	7
